,survived,pclass,sex,age,sibsp,parch,fare,embarked,class,who,adult_male,deck,embark_town,alive,alone,,,,,,,,
1,1,1,female,38,1,0,71.2833,C,First,woman,FALSE,C,Cherbourg,yes,FALSE,,,,,,,,
3,1,1,female,35,1,0,53.1,S,First,woman,FALSE,C,Southampton,yes,FALSE,,,,,,,,
6,0,1,male,54,0,0,51.8625,S,First,man,TRUE,E,Southampton,no,TRUE,,,,,,,,
11,1,1,female,58,0,0,26.55,S,First,woman,FALSE,C,Southampton,yes,TRUE,,Row Labels,Sum of age,Sum of sibsp,Sum of pclass,Sum of survived,Sum of fare,Sum of parch
23,1,1,male,28,0,0,35.5,S,First,man,TRUE,A,Southampton,yes,TRUE,,female,7286,218,678,233,13966.6628,204
27,0,1,male,19,3,2,263,S,First,man,TRUE,C,Southampton,no,FALSE,,male,13919.17,248,1379,109,14727.2865,136
30,0,1,male,40,0,0,27.7208,C,First,man,TRUE,,Cherbourg,no,TRUE,,Grand Total,21205.17,466,2057,342,28693.9493,340
31,1,1,female,,1,0,146.5208,C,First,woman,FALSE,B,Cherbourg,yes,FALSE,,,,,,,,
34,0,1,male,28,1,0,82.1708,C,First,man,TRUE,,Cherbourg,no,FALSE,,,,,,,,
35,0,1,male,42,1,0,52,S,First,man,TRUE,,Southampton,no,FALSE,,,,,,,,
52,1,1,female,49,1,0,76.7292,C,First,woman,FALSE,D,Cherbourg,yes,FALSE,,,,,,,,
54,0,1,male,65,0,1,61.9792,C,First,man,TRUE,B,Cherbourg,no,FALSE,,,,,,,,
55,1,1,male,,0,0,35.5,S,First,man,TRUE,C,Southampton,yes,TRUE,,,,,,,,
61,1,1,female,38,0,0,80,,First,woman,FALSE,B,,yes,TRUE,,,,,,,,
62,0,1,male,45,1,0,83.475,S,First,man,TRUE,C,Southampton,no,FALSE,,,,,,,,
64,0,1,male,,0,0,27.7208,C,First,man,TRUE,,Cherbourg,no,TRUE,,,,,,,,
83,0,1,male,28,0,0,47.1,S,First,man,TRUE,,Southampton,no,TRUE,,,,,,,,
88,1,1,female,23,3,2,263,S,First,woman,FALSE,C,Southampton,yes,FALSE,,,,,,,,
92,0,1,male,46,1,0,61.175,S,First,man,TRUE,E,Southampton,no,FALSE,,,,,,,,
96,0,1,male,71,0,0,34.6542,C,First,man,TRUE,A,Cherbourg,no,TRUE,,,,,,,,
97,1,1,male,23,0,1,63.3583,C,First,man,TRUE,D,Cherbourg,yes,FALSE,,,,,,,,
102,0,1,male,21,0,1,77.2875,S,First,man,TRUE,D,Southampton,no,FALSE,,,,,,,,
110,0,1,male,47,0,0,52,S,First,man,TRUE,C,Southampton,no,TRUE,,,,,,,,
118,0,1,male,24,0,1,247.5208,C,First,man,TRUE,B,Cherbourg,no,FALSE,,,,,,,,
124,0,1,male,54,0,1,77.2875,S,First,man,TRUE,D,Southampton,no,FALSE,,,,,,,,
136,1,1,female,19,0,2,26.2833,S,First,woman,FALSE,D,Southampton,yes,FALSE,,,,,,,,
137,0,1,male,37,1,0,53.1,S,First,man,TRUE,C,Southampton,no,FALSE,,,,,,,,
139,0,1,male,24,0,0,79.2,C,First,man,TRUE,B,Cherbourg,no,TRUE,,,,,,,,
151,1,1,female,22,1,0,66.6,S,First,woman,FALSE,C,Southampton,yes,FALSE,,,,,,,,
155,0,1,male,51,0,1,61.3792,C,First,man,TRUE,,Cherbourg,no,FALSE,,,,,,,,
166,1,1,female,,0,1,55,S,First,woman,FALSE,E,Southampton,yes,FALSE,,,,,,,,
168,0,1,male,,0,0,25.925,S,First,man,TRUE,,Southampton,no,TRUE,,,,,,,,
170,0,1,male,61,0,0,33.5,S,First,man,TRUE,B,Southampton,no,TRUE,,,,,,,,
174,0,1,male,56,0,0,30.6958,C,First,man,TRUE,A,Cherbourg,no,TRUE,,,,,,,,
177,0,1,female,50,0,0,28.7125,C,First,woman,FALSE,C,Cherbourg,no,TRUE,,,,,,,,
185,0,1,male,,0,0,50,S,First,man,TRUE,A,Southampton,no,TRUE,,,,,,,,
187,1,1,male,45,0,0,26.55,S,First,man,TRUE,,Southampton,yes,TRUE,,,,,,,,
194,1,1,female,44,0,0,27.7208,C,First,woman,FALSE,B,Cherbourg,yes,TRUE,,,,,,,,
195,1,1,female,58,0,0,146.5208,C,First,woman,FALSE,B,Cherbourg,yes,TRUE,,,,,,,,
209,1,1,male,40,0,0,31,C,First,man,TRUE,A,Cherbourg,yes,TRUE,,,,,,,,
215,1,1,female,31,1,0,113.275,C,First,woman,FALSE,D,Cherbourg,yes,FALSE,,,,,,,,
218,1,1,female,32,0,0,76.2917,C,First,woman,FALSE,D,Cherbourg,yes,TRUE,,,,,,,,
224,1,1,male,38,1,0,90,S,First,man,TRUE,C,Southampton,yes,FALSE,,,,,,,,
230,1,1,female,35,1,0,83.475,S,First,woman,FALSE,C,Southampton,yes,FALSE,,,,,,,,
245,0,1,male,44,2,0,90,Q,First,man,TRUE,C,Queenstown,no,FALSE,,,,,,,,
248,1,1,male,37,1,1,52.5542,S,First,man,TRUE,D,Southampton,yes,FALSE,,,,,,,,
252,0,1,male,62,0,0,26.55,S,First,man,TRUE,C,Southampton,no,TRUE,,,,,,,,
256,1,1,female,,0,0,79.2,C,First,woman,FALSE,,Cherbourg,yes,TRUE,,,,,,,,
257,1,1,female,30,0,0,86.5,S,First,woman,FALSE,B,Southampton,yes,TRUE,,,,,,,,
258,1,1,female,35,0,0,512.3292,C,First,woman,FALSE,,Cherbourg,yes,TRUE,,,,,,,,
262,0,1,male,52,1,1,79.65,S,First,man,TRUE,E,Southampton,no,FALSE,,,,,,,,
263,0,1,male,40,0,0,0,S,First,man,TRUE,B,Southampton,no,TRUE,,,,,,,,
268,1,1,female,58,0,1,153.4625,S,First,woman,FALSE,C,Southampton,yes,FALSE,,,,,,,,
269,1,1,female,35,0,0,135.6333,S,First,woman,FALSE,C,Southampton,yes,TRUE,,,,,,,,
270,0,1,male,,0,0,31,S,First,man,TRUE,,Southampton,no,TRUE,,,,,,,,
273,0,1,male,37,0,1,29.7,C,First,man,TRUE,C,Cherbourg,no,FALSE,,,,,,,,
275,1,1,female,63,1,0,77.9583,S,First,woman,FALSE,D,Southampton,yes,FALSE,,,,,,,,
284,0,1,male,,0,0,26,S,First,man,TRUE,A,Southampton,no,TRUE,,,,,,,,
290,1,1,female,26,0,0,78.85,S,First,woman,FALSE,,Southampton,yes,TRUE,,,,,,,,
291,1,1,female,19,1,0,91.0792,C,First,woman,FALSE,B,Cherbourg,yes,FALSE,,,,,,,,
295,0,1,male,,0,0,27.7208,C,First,man,TRUE,,Cherbourg,no,TRUE,,,,,,,,
297,0,1,female,2,1,2,151.55,S,First,child,FALSE,C,Southampton,no,FALSE,,,,,,,,
298,1,1,male,,0,0,30.5,S,First,man,TRUE,C,Southampton,yes,TRUE,,,,,,,,
299,1,1,female,50,0,1,247.5208,C,First,woman,FALSE,B,Cherbourg,yes,FALSE,,,,,,,,
305,1,1,male,0.92,1,2,151.55,S,First,child,FALSE,C,Southampton,yes,FALSE,,,,,,,,
306,1,1,female,,0,0,110.8833,C,First,woman,FALSE,,Cherbourg,yes,TRUE,,,,,,,,
307,1,1,female,17,1,0,108.9,C,First,woman,FALSE,C,Cherbourg,yes,FALSE,,,,,,,,
309,1,1,female,30,0,0,56.9292,C,First,woman,FALSE,E,Cherbourg,yes,TRUE,,,,,,,,
310,1,1,female,24,0,0,83.1583,C,First,woman,FALSE,C,Cherbourg,yes,TRUE,,,,,,,,
311,1,1,female,18,2,2,262.375,C,First,woman,FALSE,B,Cherbourg,yes,FALSE,,,,,,,,
318,1,1,female,31,0,2,164.8667,S,First,woman,FALSE,C,Southampton,yes,FALSE,,,,,,,,
319,1,1,female,40,1,1,134.5,C,First,woman,FALSE,E,Cherbourg,yes,FALSE,,,,,,,,
325,1,1,female,36,0,0,135.6333,C,First,woman,FALSE,C,Cherbourg,yes,TRUE,,,,,,,,
329,1,1,female,16,0,1,57.9792,C,First,woman,FALSE,B,Cherbourg,yes,FALSE,,,,,,,,
331,0,1,male,45.5,0,0,28.5,S,First,man,TRUE,C,Southampton,no,TRUE,,,,,,,,
332,0,1,male,38,0,1,153.4625,S,First,man,TRUE,C,Southampton,no,FALSE,,,,,,,,
334,1,1,female,,1,0,133.65,S,First,woman,FALSE,,Southampton,yes,FALSE,,,,,,,,
336,0,1,male,29,1,0,66.6,S,First,man,TRUE,C,Southampton,no,FALSE,,,,,,,,
337,1,1,female,41,0,0,134.5,C,First,woman,FALSE,E,Cherbourg,yes,TRUE,,,,,,,,
339,0,1,male,45,0,0,35.5,S,First,man,TRUE,,Southampton,no,TRUE,,,,,,,,
341,1,1,female,24,3,2,263,S,First,woman,FALSE,C,Southampton,yes,FALSE,,,,,,,,
351,0,1,male,,0,0,35,S,First,man,TRUE,C,Southampton,no,TRUE,,,,,,,,
356,1,1,female,22,0,1,55,S,First,woman,FALSE,E,Southampton,yes,FALSE,,,,,,,,
366,1,1,female,60,1,0,75.25,C,First,woman,FALSE,D,Cherbourg,yes,FALSE,,,,,,,,
369,1,1,female,24,0,0,69.3,C,First,woman,FALSE,B,Cherbourg,yes,TRUE,,,,,,,,
370,1,1,male,25,1,0,55.4417,C,First,man,TRUE,E,Cherbourg,yes,FALSE,,,,,,,,
373,0,1,male,22,0,0,135.6333,C,First,man,TRUE,,Cherbourg,no,TRUE,,,,,,,,
375,1,1,female,,1,0,82.1708,C,First,woman,FALSE,,Cherbourg,yes,FALSE,,,,,,,,
377,0,1,male,27,0,2,211.5,C,First,man,TRUE,C,Cherbourg,no,FALSE,,,,,,,,
380,1,1,female,42,0,0,227.525,C,First,woman,FALSE,,Cherbourg,yes,TRUE,,,,,,,,
383,1,1,female,35,1,0,52,S,First,woman,FALSE,,Southampton,yes,FALSE,,,,,,,,
390,1,1,male,36,1,2,120,S,First,man,TRUE,B,Southampton,yes,FALSE,,,,,,,,
393,1,1,female,23,1,0,113.275,C,First,woman,FALSE,D,Cherbourg,yes,FALSE,,,,,,,,
412,1,1,female,33,1,0,90,Q,First,woman,FALSE,C,Queenstown,yes,FALSE,,,,,,,,
430,1,1,male,28,0,0,26.55,S,First,man,TRUE,C,Southampton,yes,TRUE,,,,,,,,
434,0,1,male,50,1,0,55.9,S,First,man,TRUE,E,Southampton,no,FALSE,,,,,,,,
435,1,1,female,14,1,2,120,S,First,child,FALSE,B,Southampton,yes,FALSE,,,,,,,,
438,0,1,male,64,1,4,263,S,First,man,TRUE,C,Southampton,no,FALSE,,,,,,,,
445,1,1,male,4,0,2,81.8583,S,First,child,FALSE,A,Southampton,yes,FALSE,,,,,,,,
447,1,1,male,34,0,0,26.55,S,First,man,TRUE,,Southampton,yes,TRUE,,,,,,,,
449,1,1,male,52,0,0,30.5,S,First,man,TRUE,C,Southampton,yes,TRUE,,,,,,,,
452,0,1,male,30,0,0,27.75,C,First,man,TRUE,C,Cherbourg,no,TRUE,,,,,,,,
453,1,1,male,49,1,0,89.1042,C,First,man,TRUE,C,Cherbourg,yes,FALSE,,,,,,,,
456,0,1,male,65,0,0,26.55,S,First,man,TRUE,E,Southampton,no,TRUE,,,,,,,,
457,1,1,female,,1,0,51.8625,S,First,woman,FALSE,D,Southampton,yes,FALSE,,,,,,,,
460,1,1,male,48,0,0,26.55,S,First,man,TRUE,E,Southampton,yes,TRUE,,,,,,,,
462,0,1,male,47,0,0,38.5,S,First,man,TRUE,E,Southampton,no,TRUE,,,,,,,,
467,0,1,male,56,0,0,26.55,S,First,man,TRUE,,Southampton,no,TRUE,,,,,,,,
475,0,1,male,,0,0,52,S,First,man,TRUE,A,Southampton,no,TRUE,,,,,,,,
484,1,1,male,25,1,0,91.0792,C,First,man,TRUE,B,Cherbourg,yes,FALSE,,,,,,,,
486,1,1,female,35,1,0,90,S,First,woman,FALSE,C,Southampton,yes,FALSE,,,,,,,,
487,0,1,male,58,0,0,29.7,C,First,man,TRUE,B,Cherbourg,no,TRUE,,,,,,,,
492,0,1,male,55,0,0,30.5,S,First,man,TRUE,C,Southampton,no,TRUE,,,,,,,,
493,0,1,male,71,0,0,49.5042,C,First,man,TRUE,,Cherbourg,no,TRUE,,,,,,,,
496,1,1,female,54,1,0,78.2667,C,First,woman,FALSE,D,Cherbourg,yes,FALSE,,,,,,,,
498,0,1,female,25,1,2,151.55,S,First,woman,FALSE,C,Southampton,no,FALSE,,,,,,,,
504,1,1,female,16,0,0,86.5,S,First,woman,FALSE,B,Southampton,yes,TRUE,,,,,,,,
505,0,1,male,18,1,0,108.9,C,First,man,TRUE,C,Cherbourg,no,FALSE,,,,,,,,
507,1,1,male,,0,0,26.55,S,First,man,TRUE,,Southampton,yes,TRUE,,,,,,,,
512,1,1,male,36,0,0,26.2875,S,First,man,TRUE,E,Southampton,yes,TRUE,,,,,,,,
513,1,1,female,54,1,0,59.4,C,First,woman,FALSE,,Cherbourg,yes,FALSE,,,,,,,,
515,0,1,male,47,0,0,34.0208,S,First,man,TRUE,D,Southampton,no,TRUE,,,,,,,,
520,1,1,female,30,0,0,93.5,S,First,woman,FALSE,B,Southampton,yes,TRUE,,,,,,,,
523,1,1,female,44,0,1,57.9792,C,First,woman,FALSE,B,Cherbourg,yes,FALSE,,,,,,,,
527,0,1,male,,0,0,221.7792,S,First,man,TRUE,C,Southampton,no,TRUE,,,,,,,,
536,0,1,male,45,0,0,26.55,S,First,man,TRUE,B,Southampton,no,TRUE,,,,,,,,
537,1,1,female,30,0,0,106.425,C,First,woman,FALSE,,Cherbourg,yes,TRUE,,,,,,,,
539,1,1,female,22,0,2,49.5,C,First,woman,FALSE,B,Cherbourg,yes,FALSE,,,,,,,,
540,1,1,female,36,0,2,71,S,First,woman,FALSE,B,Southampton,yes,FALSE,,,,,,,,
544,0,1,male,50,1,0,106.425,C,First,man,TRUE,C,Cherbourg,no,FALSE,,,,,,,,
545,0,1,male,64,0,0,26,S,First,man,TRUE,,Southampton,no,TRUE,,,,,,,,
550,1,1,male,17,0,2,110.8833,C,First,man,TRUE,C,Cherbourg,yes,FALSE,,,,,,,,
555,0,1,male,62,0,0,26.55,S,First,man,TRUE,,Southampton,no,TRUE,,,,,,,,
556,1,1,female,48,1,0,39.6,C,First,woman,FALSE,A,Cherbourg,yes,FALSE,,,,,,,,
557,0,1,male,,0,0,227.525,C,First,man,TRUE,,Cherbourg,no,TRUE,,,,,,,,
558,1,1,female,39,1,1,79.65,S,First,woman,FALSE,E,Southampton,yes,FALSE,,,,,,,,
571,1,1,female,53,2,0,51.4792,S,First,woman,FALSE,C,Southampton,yes,FALSE,,,,,,,,
572,1,1,male,36,0,0,26.3875,S,First,man,TRUE,E,Southampton,yes,TRUE,,,,,,,,
577,1,1,female,39,1,0,55.9,S,First,woman,FALSE,E,Southampton,yes,FALSE,,,,,,,,
581,1,1,female,39,1,1,110.8833,C,First,woman,FALSE,C,Cherbourg,yes,FALSE,,,,,,,,
583,0,1,male,36,0,0,40.125,C,First,man,TRUE,A,Cherbourg,no,TRUE,,,,,,,,
585,1,1,female,18,0,2,79.65,S,First,woman,FALSE,E,Southampton,yes,FALSE,,,,,,,,
587,1,1,male,60,1,1,79.2,C,First,man,TRUE,B,Cherbourg,yes,FALSE,,,,,,,,
591,1,1,female,52,1,0,78.2667,C,First,woman,FALSE,D,Cherbourg,yes,FALSE,,,,,,,,
599,1,1,male,49,1,0,56.9292,C,First,man,TRUE,A,Cherbourg,yes,FALSE,,,,,,,,
602,0,1,male,,0,0,42.4,S,First,man,TRUE,,Southampton,no,TRUE,,,,,,,,
604,1,1,male,35,0,0,26.55,C,First,man,TRUE,,Cherbourg,yes,TRUE,,,,,,,,
607,1,1,male,27,0,0,30.5,S,First,man,TRUE,,Southampton,yes,TRUE,,,,,,,,
609,1,1,female,40,0,0,153.4625,S,First,woman,FALSE,C,Southampton,yes,TRUE,,,,,,,,
621,1,1,male,42,1,0,52.5542,S,First,man,TRUE,D,Southampton,yes,FALSE,,,,,,,,
625,0,1,male,61,0,0,32.3208,S,First,man,TRUE,D,Southampton,no,TRUE,,,,,,,,
627,1,1,female,21,0,0,77.9583,S,First,woman,FALSE,D,Southampton,yes,TRUE,,,,,,,,
630,1,1,male,80,0,0,30,S,First,man,TRUE,A,Southampton,yes,TRUE,,,,,,,,
632,1,1,male,32,0,0,30.5,C,First,man,TRUE,B,Cherbourg,yes,TRUE,,,,,,,,
633,0,1,male,,0,0,0,S,First,man,TRUE,,Southampton,no,TRUE,,,,,,,,
641,1,1,female,24,0,0,69.3,C,First,woman,FALSE,B,Cherbourg,yes,TRUE,,,,,,,,
645,1,1,male,48,1,0,76.7292,C,First,man,TRUE,D,Cherbourg,yes,FALSE,,,,,,,,
647,1,1,male,56,0,0,35.5,C,First,man,TRUE,A,Cherbourg,yes,TRUE,,,,,,,,
659,0,1,male,58,0,2,113.275,C,First,man,TRUE,D,Cherbourg,no,FALSE,,,,,,,,
660,1,1,male,50,2,0,133.65,S,First,man,TRUE,,Southampton,yes,FALSE,,,,,,,,
662,0,1,male,47,0,0,25.5875,S,First,man,TRUE,E,Southampton,no,TRUE,,,,,,,,
669,1,1,female,,1,0,52,S,First,woman,FALSE,C,Southampton,yes,FALSE,,,,,,,,
671,0,1,male,31,1,0,52,S,First,man,TRUE,B,Southampton,no,FALSE,,,,,,,,
679,1,1,male,36,0,1,512.3292,C,First,man,TRUE,B,Cherbourg,yes,FALSE,,,,,,,,
681,1,1,male,27,0,0,76.7292,C,First,man,TRUE,D,Cherbourg,yes,TRUE,,,,,,,,
689,1,1,female,15,0,1,211.3375,S,First,child,FALSE,B,Southampton,yes,FALSE,,,,,,,,
690,1,1,male,31,1,0,57,S,First,man,TRUE,B,Southampton,yes,FALSE,,,,,,,,
694,0,1,male,60,0,0,26.55,S,First,man,TRUE,,Southampton,no,TRUE,,,,,,,,
698,0,1,male,49,1,1,110.8833,C,First,man,TRUE,C,Cherbourg,no,FALSE,,,,,,,,
700,1,1,female,18,1,0,227.525,C,First,woman,FALSE,C,Cherbourg,yes,FALSE,,,,,,,,
701,1,1,male,35,0,0,26.2875,S,First,man,TRUE,E,Southampton,yes,TRUE,,,,,,,,
707,1,1,male,42,0,0,26.2875,S,First,man,TRUE,E,Southampton,yes,TRUE,,,,,,,,
708,1,1,female,22,0,0,151.55,S,First,woman,FALSE,,Southampton,yes,TRUE,,,,,,,,
710,1,1,female,24,0,0,49.5042,C,First,woman,FALSE,C,Cherbourg,yes,TRUE,,,,,,,,
711,0,1,male,,0,0,26.55,S,First,man,TRUE,C,Southampton,no,TRUE,,,,,,,,
712,1,1,male,48,1,0,52,S,First,man,TRUE,C,Southampton,yes,FALSE,,,,,,,,
716,1,1,female,38,0,0,227.525,C,First,woman,FALSE,C,Cherbourg,yes,TRUE,,,,,,,,
724,1,1,male,27,1,0,53.1,S,First,man,TRUE,E,Southampton,yes,FALSE,,,,,,,,
730,1,1,female,29,0,0,211.3375,S,First,woman,FALSE,B,Southampton,yes,TRUE,,,,,,,,
737,1,1,male,35,0,0,512.3292,C,First,man,TRUE,B,Cherbourg,yes,TRUE,,,,,,,,
740,1,1,male,,0,0,30,S,First,man,TRUE,D,Southampton,yes,TRUE,,,,,,,,
741,0,1,male,36,1,0,78.85,S,First,man,TRUE,C,Southampton,no,FALSE,,,,,,,,
742,1,1,female,21,2,2,262.375,C,First,woman,FALSE,B,Cherbourg,yes,FALSE,,,,,,,,
745,0,1,male,70,1,1,71,S,First,man,TRUE,B,Southampton,no,FALSE,,,,,,,,
748,0,1,male,19,1,0,53.1,S,First,man,TRUE,D,Southampton,no,FALSE,,,,,,,,
759,1,1,female,33,0,0,86.5,S,First,woman,FALSE,B,Southampton,yes,TRUE,,,,,,,,
763,1,1,female,36,1,2,120,S,First,woman,FALSE,B,Southampton,yes,FALSE,,,,,,,,
765,1,1,female,51,1,0,77.9583,S,First,woman,FALSE,D,Southampton,yes,FALSE,,,,,,,,
766,0,1,male,,0,0,39.6,C,First,man,TRUE,,Cherbourg,no,TRUE,,,,,,,,
779,1,1,female,43,0,1,211.3375,S,First,woman,FALSE,B,Southampton,yes,FALSE,,,,,,,,
781,1,1,female,17,1,0,57,S,First,woman,FALSE,B,Southampton,yes,FALSE,,,,,,,,
782,0,1,male,29,0,0,30,S,First,man,TRUE,D,Southampton,no,TRUE,,,,,,,,
789,0,1,male,46,0,0,79.2,C,First,man,TRUE,B,Cherbourg,no,TRUE,,,,,,,,
793,0,1,male,,0,0,30.6958,C,First,man,TRUE,,Cherbourg,no,TRUE,,,,,,,,
796,1,1,female,49,0,0,25.9292,S,First,woman,FALSE,D,Southampton,yes,TRUE,,,,,,,,
802,1,1,male,11,1,2,120,S,First,child,FALSE,B,Southampton,yes,FALSE,,,,,,,,
806,0,1,male,39,0,0,0,S,First,man,TRUE,A,Southampton,no,TRUE,,,,,,,,
809,1,1,female,33,1,0,53.1,S,First,woman,FALSE,E,Southampton,yes,FALSE,,,,,,,,
815,0,1,male,,0,0,0,S,First,man,TRUE,B,Southampton,no,TRUE,,,,,,,,
820,1,1,female,52,1,1,93.5,S,First,woman,FALSE,B,Southampton,yes,FALSE,,,,,,,,
822,0,1,male,38,0,0,0,S,First,man,TRUE,,Southampton,no,TRUE,,,,,,,,
829,1,1,female,62,0,0,80,,First,woman,FALSE,B,,yes,TRUE,,,,,,,,
835,1,1,female,39,1,1,83.1583,C,First,woman,FALSE,E,Cherbourg,yes,FALSE,,,,,,,,
839,1,1,male,,0,0,29.7,C,First,man,TRUE,C,Cherbourg,yes,TRUE,,,,,,,,
842,1,1,female,30,0,0,31,C,First,woman,FALSE,,Cherbourg,yes,TRUE,,,,,,,,
849,1,1,female,,1,0,89.1042,C,First,woman,FALSE,C,Cherbourg,yes,FALSE,,,,,,,,
853,1,1,female,16,0,1,39.4,S,First,woman,FALSE,D,Southampton,yes,FALSE,,,,,,,,
856,1,1,female,45,1,1,164.8667,S,First,woman,FALSE,,Southampton,yes,FALSE,,,,,,,,
857,1,1,male,51,0,0,26.55,S,First,man,TRUE,E,Southampton,yes,TRUE,,,,,,,,
862,1,1,female,48,0,0,25.9292,S,First,woman,FALSE,D,Southampton,yes,TRUE,,,,,,,,
867,0,1,male,31,0,0,50.4958,S,First,man,TRUE,A,Southampton,no,TRUE,,,,,,,,
871,1,1,female,47,1,1,52.5542,S,First,woman,FALSE,D,Southampton,yes,FALSE,,,,,,,,
872,0,1,male,33,0,0,5,S,First,man,TRUE,B,Southampton,no,TRUE,,,,,,,,
879,1,1,female,56,0,1,83.1583,C,First,woman,FALSE,C,Cherbourg,yes,FALSE,,,,,,,,
887,1,1,female,19,0,0,30,S,First,woman,FALSE,B,Southampton,yes,TRUE,,,,,,,,
889,1,1,male,26,0,0,30,C,First,man,TRUE,C,Cherbourg,yes,TRUE,,,,,,,,
9,1,2,female,14,1,0,30.0708,C,Second,child,FALSE,,Cherbourg,yes,FALSE,,,,,,,,
15,1,2,female,55,0,0,16,S,Second,woman,FALSE,,Southampton,yes,TRUE,,,,,,,,
17,1,2,male,,0,0,13,S,Second,man,TRUE,,Southampton,yes,TRUE,,,,,,,,
20,0,2,male,35,0,0,26,S,Second,man,TRUE,,Southampton,no,TRUE,,,,,,,,
21,1,2,male,34,0,0,13,S,Second,man,TRUE,D,Southampton,yes,TRUE,,,,,,,,
33,0,2,male,66,0,0,10.5,S,Second,man,TRUE,,Southampton,no,TRUE,,,,,,,,
41,0,2,female,27,1,0,21,S,Second,woman,FALSE,,Southampton,no,FALSE,,,,,,,,
43,1,2,female,3,1,2,41.5792,C,Second,child,FALSE,,Cherbourg,yes,FALSE,,,,,,,,
53,1,2,female,29,1,0,26,S,Second,woman,FALSE,,Southampton,yes,FALSE,,,,,,,,
56,1,2,female,21,0,0,10.5,S,Second,woman,FALSE,,Southampton,yes,TRUE,,,,,,,,
58,1,2,female,5,1,2,27.75,S,Second,child,FALSE,,Southampton,yes,FALSE,,,,,,,,
66,1,2,female,29,0,0,10.5,S,Second,woman,FALSE,F,Southampton,yes,TRUE,,,,,,,,
70,0,2,male,32,0,0,10.5,S,Second,man,TRUE,,Southampton,no,TRUE,,,,,,,,
72,0,2,male,21,0,0,73.5,S,Second,man,TRUE,,Southampton,no,TRUE,,,,,,,,
78,1,2,male,0.83,0,2,29,S,Second,child,FALSE,,Southampton,yes,FALSE,,,,,,,,
84,1,2,female,17,0,0,10.5,S,Second,woman,FALSE,,Southampton,yes,TRUE,,,,,,,,
98,1,2,female,34,0,1,23,S,Second,woman,FALSE,,Southampton,yes,FALSE,,,,,,,,
99,0,2,male,34,1,0,26,S,Second,man,TRUE,,Southampton,no,FALSE,,,,,,,,
117,0,2,male,29,1,0,21,S,Second,man,TRUE,,Southampton,no,FALSE,,,,,,,,
120,0,2,male,21,2,0,73.5,S,Second,man,TRUE,,Southampton,no,FALSE,,,,,,,,
122,0,2,male,32.5,1,0,30.0708,C,Second,man,TRUE,,Cherbourg,no,FALSE,,,,,,,,
123,1,2,female,32.5,0,0,13,S,Second,woman,FALSE,E,Southampton,yes,TRUE,,,,,,,,
133,1,2,female,29,1,0,26,S,Second,woman,FALSE,,Southampton,yes,FALSE,,,,,,,,
134,0,2,male,25,0,0,13,S,Second,man,TRUE,,Southampton,no,TRUE,,,,,,,,
135,0,2,male,23,0,0,15.0458,C,Second,man,TRUE,,Cherbourg,no,TRUE,,,,,,,,
144,0,2,male,18,0,0,11.5,S,Second,man,TRUE,,Southampton,no,TRUE,,,,,,,,
145,0,2,male,19,1,1,36.75,S,Second,man,TRUE,,Southampton,no,FALSE,,,,,,,,
148,0,2,male,36.5,0,2,26,S,Second,man,TRUE,F,Southampton,no,FALSE,,,,,,,,
149,0,2,male,42,0,0,13,S,Second,man,TRUE,,Southampton,no,TRUE,,,,,,,,
150,0,2,male,51,0,0,12.525,S,Second,man,TRUE,,Southampton,no,TRUE,,,,,,,,
161,1,2,female,40,0,0,15.75,S,Second,woman,FALSE,,Southampton,yes,TRUE,,,,,,,,
178,0,2,male,30,0,0,13,S,Second,man,TRUE,,Southampton,no,TRUE,,,,,,,,
181,0,2,male,,0,0,15.05,C,Second,man,TRUE,,Cherbourg,no,TRUE,,,,,,,,
183,1,2,male,1,2,1,39,S,Second,child,FALSE,F,Southampton,yes,FALSE,,,,,,,,
190,1,2,female,32,0,0,13,S,Second,woman,FALSE,,Southampton,yes,TRUE,,,,,,,,
191,0,2,male,19,0,0,13,S,Second,man,TRUE,,Southampton,no,TRUE,,,,,,,,
193,1,2,male,3,1,1,26,S,Second,child,FALSE,F,Southampton,yes,FALSE,,,,,,,,
199,0,2,female,24,0,0,13,S,Second,woman,FALSE,,Southampton,no,TRUE,,,,,,,,
211,1,2,female,35,0,0,21,S,Second,woman,FALSE,,Southampton,yes,TRUE,,,,,,,,
213,0,2,male,30,0,0,13,S,Second,man,TRUE,,Southampton,no,TRUE,,,,,,,,
217,0,2,male,42,1,0,27,S,Second,man,TRUE,,Southampton,no,FALSE,,,,,,,,
219,0,2,male,30,0,0,10.5,S,Second,man,TRUE,,Southampton,no,TRUE,,,,,,,,
221,0,2,male,27,0,0,13,S,Second,man,TRUE,,Southampton,no,TRUE,,,,,,,,
226,1,2,male,19,0,0,10.5,S,Second,man,TRUE,,Southampton,yes,TRUE,,,,,,,,
228,0,2,male,18,0,0,13,S,Second,man,TRUE,,Southampton,no,TRUE,,,,,,,,
232,0,2,male,59,0,0,13.5,S,Second,man,TRUE,,Southampton,no,TRUE,,,,,,,,
234,0,2,male,24,0,0,10.5,S,Second,man,TRUE,,Southampton,no,TRUE,,,,,,,,
236,0,2,male,44,1,0,26,S,Second,man,TRUE,,Southampton,no,FALSE,,,,,,,,
237,1,2,female,8,0,2,26.25,S,Second,child,FALSE,,Southampton,yes,FALSE,,,,,,,,
238,0,2,male,19,0,0,10.5,S,Second,man,TRUE,,Southampton,no,TRUE,,,,,,,,
239,0,2,male,33,0,0,12.275,S,Second,man,TRUE,,Southampton,no,TRUE,,,,,,,,
242,0,2,male,29,0,0,10.5,S,Second,man,TRUE,,Southampton,no,TRUE,,,,,,,,
247,1,2,female,24,0,2,14.5,S,Second,woman,FALSE,,Southampton,yes,FALSE,,,,,,,,
249,0,2,male,54,1,0,26,S,Second,man,TRUE,,Southampton,no,FALSE,,,,,,,,
259,1,2,female,50,0,1,26,S,Second,woman,FALSE,,Southampton,yes,FALSE,,,,,,,,
265,0,2,male,36,0,0,10.5,S,Second,man,TRUE,,Southampton,no,TRUE,,,,,,,,
272,1,2,female,41,0,1,19.5,S,Second,woman,FALSE,,Southampton,yes,FALSE,,,,,,,,
277,0,2,male,,0,0,0,S,Second,man,TRUE,,Southampton,no,TRUE,,,,,,,,
288,1,2,male,42,0,0,13,S,Second,man,TRUE,,Southampton,yes,TRUE,,,,,,,,
292,0,2,male,36,0,0,12.875,C,Second,man,TRUE,D,Cherbourg,no,TRUE,,,,,,,,
303,1,2,female,,0,0,12.35,Q,Second,woman,FALSE,E,Queenstown,yes,TRUE,,,,,,,,
308,0,2,male,30,1,0,24,C,Second,man,TRUE,,Cherbourg,no,FALSE,,,,,,,,
312,0,2,female,26,1,1,26,S,Second,woman,FALSE,,Southampton,no,FALSE,,,,,,,,
314,0,2,male,43,1,1,26.25,S,Second,man,TRUE,,Southampton,no,FALSE,,,,,,,,
316,1,2,female,24,1,0,26,S,Second,woman,FALSE,,Southampton,yes,FALSE,,,,,,,,
317,0,2,male,54,0,0,14,S,Second,man,TRUE,,Southampton,no,TRUE,,,,,,,,
322,1,2,female,30,0,0,12.35,Q,Second,woman,FALSE,,Queenstown,yes,TRUE,,,,,,,,
323,1,2,female,22,1,1,29,S,Second,woman,FALSE,,Southampton,yes,FALSE,,,,,,,,
327,1,2,female,36,0,0,13,S,Second,woman,FALSE,D,Southampton,yes,TRUE,,,,,,,,
340,1,2,male,2,1,1,26,S,Second,child,FALSE,F,Southampton,yes,FALSE,,,,,,,,
342,0,2,male,28,0,0,13,S,Second,man,TRUE,,Southampton,no,TRUE,,,,,,,,
343,0,2,male,25,0,0,13,S,Second,man,TRUE,,Southampton,no,TRUE,,,,,,,,
344,0,2,male,36,0,0,13,S,Second,man,TRUE,,Southampton,no,TRUE,,,,,,,,
345,1,2,female,24,0,0,13,S,Second,woman,FALSE,F,Southampton,yes,TRUE,,,,,,,,
346,1,2,female,40,0,0,13,S,Second,woman,FALSE,,Southampton,yes,TRUE,,,,,,,,
357,0,2,female,38,0,0,13,S,Second,woman,FALSE,,Southampton,no,TRUE,,,,,,,,
361,0,2,male,29,1,0,27.7208,C,Second,man,TRUE,,Cherbourg,no,FALSE,,,,,,,,
385,0,2,male,18,0,0,73.5,S,Second,man,TRUE,,Southampton,no,TRUE,,,,,,,,
387,1,2,female,36,0,0,13,S,Second,woman,FALSE,,Southampton,yes,TRUE,,,,,,,,
389,1,2,female,17,0,0,12,C,Second,woman,FALSE,,Cherbourg,yes,TRUE,,,,,,,,
397,0,2,male,46,0,0,26,S,Second,man,TRUE,,Southampton,no,TRUE,,,,,,,,
398,0,2,male,23,0,0,10.5,S,Second,man,TRUE,,Southampton,no,TRUE,,,,,,,,
399,1,2,female,28,0,0,12.65,S,Second,woman,FALSE,,Southampton,yes,TRUE,,,,,,,,
405,0,2,male,34,1,0,21,S,Second,man,TRUE,,Southampton,no,FALSE,,,,,,,,
407,1,2,male,3,1,1,18.75,S,Second,child,FALSE,,Southampton,yes,FALSE,,,,,,,,
413,0,2,male,,0,0,0,S,Second,man,TRUE,,Southampton,no,TRUE,,,,,,,,
416,1,2,female,34,1,1,32.5,S,Second,woman,FALSE,,Southampton,yes,FALSE,,,,,,,,
417,1,2,female,18,0,2,13,S,Second,woman,FALSE,,Southampton,yes,FALSE,,,,,,,,
418,0,2,male,30,0,0,13,S,Second,man,TRUE,,Southampton,no,TRUE,,,,,,,,
426,1,2,female,28,1,0,26,S,Second,woman,FALSE,,Southampton,yes,FALSE,,,,,,,,
427,1,2,female,19,0,0,26,S,Second,woman,FALSE,,Southampton,yes,TRUE,,,,,,,,
432,1,2,female,42,1,0,26,S,Second,woman,FALSE,,Southampton,yes,FALSE,,,,,,,,
437,1,2,female,24,2,3,18.75,S,Second,woman,FALSE,,Southampton,yes,FALSE,,,,,,,,
439,0,2,male,31,0,0,10.5,S,Second,man,TRUE,,Southampton,no,TRUE,,,,,,,,
440,1,2,female,45,1,1,26.25,S,Second,woman,FALSE,,Southampton,yes,FALSE,,,,,,,,
443,1,2,female,28,0,0,13,S,Second,woman,FALSE,,Southampton,yes,TRUE,,,,,,,,
446,1,2,female,13,0,1,19.5,S,Second,child,FALSE,,Southampton,yes,FALSE,,,,,,,,
450,0,2,male,36,1,2,27.75,S,Second,man,TRUE,,Southampton,no,FALSE,,,,,,,,
458,1,2,female,50,0,0,10.5,S,Second,woman,FALSE,,Southampton,yes,TRUE,,,,,,,,
463,0,2,male,48,0,0,13,S,Second,man,TRUE,,Southampton,no,TRUE,,,,,,,,
466,0,2,male,,0,0,0,S,Second,man,TRUE,,Southampton,no,TRUE,,,,,,,,
472,1,2,female,33,1,2,27.75,S,Second,woman,FALSE,,Southampton,yes,FALSE,,,,,,,,
473,1,2,female,23,0,0,13.7917,C,Second,woman,FALSE,D,Cherbourg,yes,TRUE,,,,,,,,
476,0,2,male,34,1,0,21,S,Second,man,TRUE,,Southampton,no,FALSE,,,,,,,,
481,0,2,male,,0,0,0,S,Second,man,TRUE,,Southampton,no,TRUE,,,,,,,,
506,1,2,female,33,0,2,26,S,Second,woman,FALSE,,Southampton,yes,FALSE,,,,,,,,
516,1,2,female,34,0,0,10.5,S,Second,woman,FALSE,F,Southampton,yes,TRUE,,,,,,,,
518,1,2,female,36,1,0,26,S,Second,woman,FALSE,,Southampton,yes,FALSE,,,,,,,,
526,1,2,female,50,0,0,10.5,S,Second,woman,FALSE,,Southampton,yes,TRUE,,,,,,,,
529,0,2,male,23,2,1,11.5,S,Second,man,TRUE,,Southampton,no,FALSE,,,,,,,,
530,1,2,female,2,1,1,26,S,Second,child,FALSE,,Southampton,yes,FALSE,,,,,,,,
535,1,2,female,7,0,2,26.25,S,Second,child,FALSE,,Southampton,yes,FALSE,,,,,,,,
543,1,2,male,32,1,0,26,S,Second,man,TRUE,,Southampton,yes,FALSE,,,,,,,,
546,1,2,female,19,1,0,26,S,Second,woman,FALSE,,Southampton,yes,FALSE,,,,,,,,
547,1,2,male,,0,0,13.8625,C,Second,man,TRUE,,Cherbourg,yes,TRUE,,,,,,,,
549,1,2,male,8,1,1,36.75,S,Second,child,FALSE,,Southampton,yes,FALSE,,,,,,,,
551,0,2,male,27,0,0,26,S,Second,man,TRUE,,Southampton,no,TRUE,,,,,,,,
562,0,2,male,28,0,0,13.5,S,Second,man,TRUE,,Southampton,no,TRUE,,,,,,,,
570,1,2,male,62,0,0,10.5,S,Second,man,TRUE,,Southampton,yes,TRUE,,,,,,,,
576,1,2,female,34,0,0,13,S,Second,woman,FALSE,,Southampton,yes,TRUE,,,,,,,,
580,1,2,female,25,1,1,30,S,Second,woman,FALSE,,Southampton,yes,FALSE,,,,,,,,
582,0,2,male,54,0,0,26,S,Second,man,TRUE,,Southampton,no,TRUE,,,,,,,,
586,0,2,male,47,0,0,15,S,Second,man,TRUE,,Southampton,no,TRUE,,,,,,,,
594,0,2,male,37,1,0,26,S,Second,man,TRUE,,Southampton,no,FALSE,,,,,,,,
596,1,2,female,,0,0,33,S,Second,woman,FALSE,,Southampton,yes,TRUE,,,,,,,,
600,1,2,female,24,2,1,27,S,Second,woman,FALSE,,Southampton,yes,FALSE,,,,,,,,
608,1,2,female,22,1,2,41.5792,C,Second,woman,FALSE,,Cherbourg,yes,FALSE,,,,,,,,
615,1,2,female,24,1,2,65,S,Second,woman,FALSE,,Southampton,yes,FALSE,,,,,,,,
618,1,2,female,4,2,1,39,S,Second,child,FALSE,F,Southampton,yes,FALSE,,,,,,,,
619,0,2,male,26,0,0,10.5,S,Second,man,TRUE,,Southampton,no,TRUE,,,,,,,,
626,0,2,male,57,0,0,12.35,Q,Second,man,TRUE,,Queenstown,no,TRUE,,,,,,,,
635,1,2,female,28,0,0,13,S,Second,woman,FALSE,,Southampton,yes,TRUE,,,,,,,,
637,0,2,male,31,1,1,26.25,S,Second,man,TRUE,,Southampton,no,FALSE,,,,,,,,
651,1,2,female,18,0,1,23,S,Second,woman,FALSE,,Southampton,yes,FALSE,,,,,,,,
655,0,2,male,24,2,0,73.5,S,Second,man,TRUE,,Southampton,no,FALSE,,,,,,,,
658,0,2,male,23,0,0,13,S,Second,man,TRUE,,Southampton,no,TRUE,,,,,,,,
665,0,2,male,32,2,0,73.5,S,Second,man,TRUE,,Southampton,no,FALSE,,,,,,,,
666,0,2,male,25,0,0,13,S,Second,man,TRUE,,Southampton,no,TRUE,,,,,,,,
670,1,2,female,40,1,1,39,S,Second,woman,FALSE,,Southampton,yes,FALSE,,,,,,,,
672,0,2,male,70,0,0,10.5,S,Second,man,TRUE,,Southampton,no,TRUE,,,,,,,,
673,1,2,male,31,0,0,13,S,Second,man,TRUE,,Southampton,yes,TRUE,,,,,,,,
674,0,2,male,,0,0,0,S,Second,man,TRUE,,Southampton,no,TRUE,,,,,,,,
684,0,2,male,60,1,1,39,S,Second,man,TRUE,,Southampton,no,FALSE,,,,,,,,
685,0,2,male,25,1,2,41.5792,C,Second,man,TRUE,,Cherbourg,no,FALSE,,,,,,,,
695,0,2,male,52,0,0,13.5,S,Second,man,TRUE,,Southampton,no,TRUE,,,,,,,,
705,0,2,male,39,0,0,26,S,Second,man,TRUE,,Southampton,no,TRUE,,,,,,,,
706,1,2,female,45,0,0,13.5,S,Second,woman,FALSE,,Southampton,yes,TRUE,,,,,,,,
714,0,2,male,52,0,0,13,S,Second,man,TRUE,,Southampton,no,TRUE,,,,,,,,
717,1,2,female,27,0,0,10.5,S,Second,woman,FALSE,E,Southampton,yes,TRUE,,,,,,,,
720,1,2,female,6,0,1,33,S,Second,child,FALSE,,Southampton,yes,FALSE,,,,,,,,
722,0,2,male,34,0,0,13,S,Second,man,TRUE,,Southampton,no,TRUE,,,,,,,,
723,0,2,male,50,0,0,13,S,Second,man,TRUE,,Southampton,no,TRUE,,,,,,,,
726,1,2,female,30,3,0,21,S,Second,woman,FALSE,,Southampton,yes,FALSE,,,,,,,,
728,0,2,male,25,1,0,26,S,Second,man,TRUE,,Southampton,no,FALSE,,,,,,,,
732,0,2,male,,0,0,0,S,Second,man,TRUE,,Southampton,no,TRUE,,,,,,,,
733,0,2,male,23,0,0,13,S,Second,man,TRUE,,Southampton,no,TRUE,,,,,,,,
734,0,2,male,23,0,0,13,S,Second,man,TRUE,,Southampton,no,TRUE,,,,,,,,
747,1,2,female,30,0,0,13,S,Second,woman,FALSE,,Southampton,yes,TRUE,,,,,,,,
750,1,2,female,4,1,1,23,S,Second,child,FALSE,,Southampton,yes,FALSE,,,,,,,,
754,1,2,female,48,1,2,65,S,Second,woman,FALSE,,Southampton,yes,FALSE,,,,,,,,
755,1,2,male,0.67,1,1,14.5,S,Second,child,FALSE,,Southampton,yes,FALSE,,,,,,,,
757,0,2,male,18,0,0,11.5,S,Second,man,TRUE,,Southampton,no,TRUE,,,,,,,,
772,0,2,female,57,0,0,10.5,S,Second,woman,FALSE,E,Southampton,no,TRUE,,,,,,,,
774,1,2,female,54,1,3,23,S,Second,woman,FALSE,,Southampton,yes,FALSE,,,,,,,,
791,0,2,male,16,0,0,26,S,Second,man,TRUE,,Southampton,no,TRUE,,,,,,,,
795,0,2,male,39,0,0,13,S,Second,man,TRUE,,Southampton,no,TRUE,,,,,,,,
800,0,2,male,34,0,0,13,S,Second,man,TRUE,,Southampton,no,TRUE,,,,,,,,
801,1,2,female,31,1,1,26.25,S,Second,woman,FALSE,,Southampton,yes,FALSE,,,,,,,,
808,0,2,male,39,0,0,13,S,Second,man,TRUE,,Southampton,no,TRUE,,,,,,,,
812,0,2,male,35,0,0,10.5,S,Second,man,TRUE,,Southampton,no,TRUE,,,,,,,,
817,0,2,male,31,1,1,37.0042,C,Second,man,TRUE,,Cherbourg,no,FALSE,,,,,,,,
827,1,2,male,1,0,2,37.0042,C,Second,child,FALSE,,Cherbourg,yes,FALSE,,,,,,,,
831,1,2,male,0.83,1,1,18.75,S,Second,child,FALSE,,Southampton,yes,FALSE,,,,,,,,
841,0,2,male,16,0,0,10.5,S,Second,man,TRUE,,Southampton,no,TRUE,,,,,,,,
848,0,2,male,28,0,1,33,S,Second,man,TRUE,,Southampton,no,FALSE,,,,,,,,
854,0,2,female,44,1,0,26,S,Second,woman,FALSE,,Southampton,no,FALSE,,,,,,,,
861,0,2,male,21,1,0,11.5,S,Second,man,TRUE,,Southampton,no,FALSE,,,,,,,,
864,0,2,male,24,0,0,13,S,Second,man,TRUE,,Southampton,no,TRUE,,,,,,,,
865,1,2,female,42,0,0,13,S,Second,woman,FALSE,,Southampton,yes,TRUE,,,,,,,,
866,1,2,female,27,1,0,13.8583,C,Second,woman,FALSE,,Cherbourg,yes,FALSE,,,,,,,,
874,1,2,female,28,1,0,24,C,Second,woman,FALSE,,Cherbourg,yes,FALSE,,,,,,,,
880,1,2,female,25,0,1,26,S,Second,woman,FALSE,,Southampton,yes,FALSE,,,,,,,,
883,0,2,male,28,0,0,10.5,S,Second,man,TRUE,,Southampton,no,TRUE,,,,,,,,
886,0,2,male,27,0,0,13,S,Second,man,TRUE,,Southampton,no,TRUE,,,,,,,,
0,0,3,male,22,1,0,7.25,S,Third,man,TRUE,,Southampton,no,FALSE,,,,,,,,
2,1,3,female,26,0,0,7.925,S,Third,woman,FALSE,,Southampton,yes,TRUE,,,,,,,,
4,0,3,male,35,0,0,8.05,S,Third,man,TRUE,,Southampton,no,TRUE,,,,,,,,
5,0,3,male,,0,0,8.4583,Q,Third,man,TRUE,,Queenstown,no,TRUE,,,,,,,,
7,0,3,male,2,3,1,21.075,S,Third,child,FALSE,,Southampton,no,FALSE,,,,,,,,
8,1,3,female,27,0,2,11.1333,S,Third,woman,FALSE,,Southampton,yes,FALSE,,,,,,,,
10,1,3,female,4,1,1,16.7,S,Third,child,FALSE,G,Southampton,yes,FALSE,,,,,,,,
12,0,3,male,20,0,0,8.05,S,Third,man,TRUE,,Southampton,no,TRUE,,,,,,,,
13,0,3,male,39,1,5,31.275,S,Third,man,TRUE,,Southampton,no,FALSE,,,,,,,,
14,0,3,female,14,0,0,7.8542,S,Third,child,FALSE,,Southampton,no,TRUE,,,,,,,,
16,0,3,male,2,4,1,29.125,Q,Third,child,FALSE,,Queenstown,no,FALSE,,,,,,,,
18,0,3,female,31,1,0,18,S,Third,woman,FALSE,,Southampton,no,FALSE,,,,,,,,
19,1,3,female,,0,0,7.225,C,Third,woman,FALSE,,Cherbourg,yes,TRUE,,,,,,,,
22,1,3,female,15,0,0,8.0292,Q,Third,child,FALSE,,Queenstown,yes,TRUE,,,,,,,,
24,0,3,female,8,3,1,21.075,S,Third,child,FALSE,,Southampton,no,FALSE,,,,,,,,
25,1,3,female,38,1,5,31.3875,S,Third,woman,FALSE,,Southampton,yes,FALSE,,,,,,,,
26,0,3,male,,0,0,7.225,C,Third,man,TRUE,,Cherbourg,no,TRUE,,,,,,,,
28,1,3,female,,0,0,7.8792,Q,Third,woman,FALSE,,Queenstown,yes,TRUE,,,,,,,,
29,0,3,male,,0,0,7.8958,S,Third,man,TRUE,,Southampton,no,TRUE,,,,,,,,
32,1,3,female,,0,0,7.75,Q,Third,woman,FALSE,,Queenstown,yes,TRUE,,,,,,,,
36,1,3,male,,0,0,7.2292,C,Third,man,TRUE,,Cherbourg,yes,TRUE,,,,,,,,
37,0,3,male,21,0,0,8.05,S,Third,man,TRUE,,Southampton,no,TRUE,,,,,,,,
38,0,3,female,18,2,0,18,S,Third,woman,FALSE,,Southampton,no,FALSE,,,,,,,,
39,1,3,female,14,1,0,11.2417,C,Third,child,FALSE,,Cherbourg,yes,FALSE,,,,,,,,
40,0,3,female,40,1,0,9.475,S,Third,woman,FALSE,,Southampton,no,FALSE,,,,,,,,
42,0,3,male,,0,0,7.8958,C,Third,man,TRUE,,Cherbourg,no,TRUE,,,,,,,,
44,1,3,female,19,0,0,7.8792,Q,Third,woman,FALSE,,Queenstown,yes,TRUE,,,,,,,,
45,0,3,male,,0,0,8.05,S,Third,man,TRUE,,Southampton,no,TRUE,,,,,,,,
46,0,3,male,,1,0,15.5,Q,Third,man,TRUE,,Queenstown,no,FALSE,,,,,,,,
47,1,3,female,,0,0,7.75,Q,Third,woman,FALSE,,Queenstown,yes,TRUE,,,,,,,,
48,0,3,male,,2,0,21.6792,C,Third,man,TRUE,,Cherbourg,no,FALSE,,,,,,,,
49,0,3,female,18,1,0,17.8,S,Third,woman,FALSE,,Southampton,no,FALSE,,,,,,,,
50,0,3,male,7,4,1,39.6875,S,Third,child,FALSE,,Southampton,no,FALSE,,,,,,,,
51,0,3,male,21,0,0,7.8,S,Third,man,TRUE,,Southampton,no,TRUE,,,,,,,,
57,0,3,male,28.5,0,0,7.2292,C,Third,man,TRUE,,Cherbourg,no,TRUE,,,,,,,,
59,0,3,male,11,5,2,46.9,S,Third,child,FALSE,,Southampton,no,FALSE,,,,,,,,
60,0,3,male,22,0,0,7.2292,C,Third,man,TRUE,,Cherbourg,no,TRUE,,,,,,,,
63,0,3,male,4,3,2,27.9,S,Third,child,FALSE,,Southampton,no,FALSE,,,,,,,,
65,1,3,male,,1,1,15.2458,C,Third,man,TRUE,,Cherbourg,yes,FALSE,,,,,,,,
67,0,3,male,19,0,0,8.1583,S,Third,man,TRUE,,Southampton,no,TRUE,,,,,,,,
68,1,3,female,17,4,2,7.925,S,Third,woman,FALSE,,Southampton,yes,FALSE,,,,,,,,
69,0,3,male,26,2,0,8.6625,S,Third,man,TRUE,,Southampton,no,FALSE,,,,,,,,
71,0,3,female,16,5,2,46.9,S,Third,woman,FALSE,,Southampton,no,FALSE,,,,,,,,
73,0,3,male,26,1,0,14.4542,C,Third,man,TRUE,,Cherbourg,no,FALSE,,,,,,,,
74,1,3,male,32,0,0,56.4958,S,Third,man,TRUE,,Southampton,yes,TRUE,,,,,,,,
75,0,3,male,25,0,0,7.65,S,Third,man,TRUE,F,Southampton,no,TRUE,,,,,,,,
76,0,3,male,,0,0,7.8958,S,Third,man,TRUE,,Southampton,no,TRUE,,,,,,,,
77,0,3,male,,0,0,8.05,S,Third,man,TRUE,,Southampton,no,TRUE,,,,,,,,
79,1,3,female,30,0,0,12.475,S,Third,woman,FALSE,,Southampton,yes,TRUE,,,,,,,,
80,0,3,male,22,0,0,9,S,Third,man,TRUE,,Southampton,no,TRUE,,,,,,,,
81,1,3,male,29,0,0,9.5,S,Third,man,TRUE,,Southampton,yes,TRUE,,,,,,,,
82,1,3,female,,0,0,7.7875,Q,Third,woman,FALSE,,Queenstown,yes,TRUE,,,,,,,,
85,1,3,female,33,3,0,15.85,S,Third,woman,FALSE,,Southampton,yes,FALSE,,,,,,,,
86,0,3,male,16,1,3,34.375,S,Third,man,TRUE,,Southampton,no,FALSE,,,,,,,,
87,0,3,male,,0,0,8.05,S,Third,man,TRUE,,Southampton,no,TRUE,,,,,,,,
89,0,3,male,24,0,0,8.05,S,Third,man,TRUE,,Southampton,no,TRUE,,,,,,,,
90,0,3,male,29,0,0,8.05,S,Third,man,TRUE,,Southampton,no,TRUE,,,,,,,,
91,0,3,male,20,0,0,7.8542,S,Third,man,TRUE,,Southampton,no,TRUE,,,,,,,,
93,0,3,male,26,1,2,20.575,S,Third,man,TRUE,,Southampton,no,FALSE,,,,,,,,
94,0,3,male,59,0,0,7.25,S,Third,man,TRUE,,Southampton,no,TRUE,,,,,,,,
95,0,3,male,,0,0,8.05,S,Third,man,TRUE,,Southampton,no,TRUE,,,,,,,,
100,0,3,female,28,0,0,7.8958,S,Third,woman,FALSE,,Southampton,no,TRUE,,,,,,,,
101,0,3,male,,0,0,7.8958,S,Third,man,TRUE,,Southampton,no,TRUE,,,,,,,,
103,0,3,male,33,0,0,8.6542,S,Third,man,TRUE,,Southampton,no,TRUE,,,,,,,,
104,0,3,male,37,2,0,7.925,S,Third,man,TRUE,,Southampton,no,FALSE,,,,,,,,
105,0,3,male,28,0,0,7.8958,S,Third,man,TRUE,,Southampton,no,TRUE,,,,,,,,
106,1,3,female,21,0,0,7.65,S,Third,woman,FALSE,,Southampton,yes,TRUE,,,,,,,,
107,1,3,male,,0,0,7.775,S,Third,man,TRUE,,Southampton,yes,TRUE,,,,,,,,
108,0,3,male,38,0,0,7.8958,S,Third,man,TRUE,,Southampton,no,TRUE,,,,,,,,
109,1,3,female,,1,0,24.15,Q,Third,woman,FALSE,,Queenstown,yes,FALSE,,,,,,,,
111,0,3,female,14.5,1,0,14.4542,C,Third,child,FALSE,,Cherbourg,no,FALSE,,,,,,,,
112,0,3,male,22,0,0,8.05,S,Third,man,TRUE,,Southampton,no,TRUE,,,,,,,,
113,0,3,female,20,1,0,9.825,S,Third,woman,FALSE,,Southampton,no,FALSE,,,,,,,,
114,0,3,female,17,0,0,14.4583,C,Third,woman,FALSE,,Cherbourg,no,TRUE,,,,,,,,
115,0,3,male,21,0,0,7.925,S,Third,man,TRUE,,Southampton,no,TRUE,,,,,,,,
116,0,3,male,70.5,0,0,7.75,Q,Third,man,TRUE,,Queenstown,no,TRUE,,,,,,,,
119,0,3,female,2,4,2,31.275,S,Third,child,FALSE,,Southampton,no,FALSE,,,,,,,,
121,0,3,male,,0,0,8.05,S,Third,man,TRUE,,Southampton,no,TRUE,,,,,,,,
125,1,3,male,12,1,0,11.2417,C,Third,child,FALSE,,Cherbourg,yes,FALSE,,,,,,,,
126,0,3,male,,0,0,7.75,Q,Third,man,TRUE,,Queenstown,no,TRUE,,,,,,,,
127,1,3,male,24,0,0,7.1417,S,Third,man,TRUE,,Southampton,yes,TRUE,,,,,,,,
128,1,3,female,,1,1,22.3583,C,Third,woman,FALSE,F,Cherbourg,yes,FALSE,,,,,,,,
129,0,3,male,45,0,0,6.975,S,Third,man,TRUE,,Southampton,no,TRUE,,,,,,,,
130,0,3,male,33,0,0,7.8958,C,Third,man,TRUE,,Cherbourg,no,TRUE,,,,,,,,
131,0,3,male,20,0,0,7.05,S,Third,man,TRUE,,Southampton,no,TRUE,,,,,,,,
132,0,3,female,47,1,0,14.5,S,Third,woman,FALSE,,Southampton,no,FALSE,,,,,,,,
138,0,3,male,16,0,0,9.2167,S,Third,man,TRUE,,Southampton,no,TRUE,,,,,,,,
140,0,3,female,,0,2,15.2458,C,Third,woman,FALSE,,Cherbourg,no,FALSE,,,,,,,,
141,1,3,female,22,0,0,7.75,S,Third,woman,FALSE,,Southampton,yes,TRUE,,,,,,,,
142,1,3,female,24,1,0,15.85,S,Third,woman,FALSE,,Southampton,yes,FALSE,,,,,,,,
143,0,3,male,19,0,0,6.75,Q,Third,man,TRUE,,Queenstown,no,TRUE,,,,,,,,
146,1,3,male,27,0,0,7.7958,S,Third,man,TRUE,,Southampton,yes,TRUE,,,,,,,,
147,0,3,female,9,2,2,34.375,S,Third,child,FALSE,,Southampton,no,FALSE,,,,,,,,
152,0,3,male,55.5,0,0,8.05,S,Third,man,TRUE,,Southampton,no,TRUE,,,,,,,,
153,0,3,male,40.5,0,2,14.5,S,Third,man,TRUE,,Southampton,no,FALSE,,,,,,,,
154,0,3,male,,0,0,7.3125,S,Third,man,TRUE,,Southampton,no,TRUE,,,,,,,,
156,1,3,female,16,0,0,7.7333,Q,Third,woman,FALSE,,Queenstown,yes,TRUE,,,,,,,,
157,0,3,male,30,0,0,8.05,S,Third,man,TRUE,,Southampton,no,TRUE,,,,,,,,
158,0,3,male,,0,0,8.6625,S,Third,man,TRUE,,Southampton,no,TRUE,,,,,,,,
159,0,3,male,,8,2,69.55,S,Third,man,TRUE,,Southampton,no,FALSE,,,,,,,,
160,0,3,male,44,0,1,16.1,S,Third,man,TRUE,,Southampton,no,FALSE,,,,,,,,
162,0,3,male,26,0,0,7.775,S,Third,man,TRUE,,Southampton,no,TRUE,,,,,,,,
163,0,3,male,17,0,0,8.6625,S,Third,man,TRUE,,Southampton,no,TRUE,,,,,,,,
164,0,3,male,1,4,1,39.6875,S,Third,child,FALSE,,Southampton,no,FALSE,,,,,,,,
165,1,3,male,9,0,2,20.525,S,Third,child,FALSE,,Southampton,yes,FALSE,,,,,,,,
167,0,3,female,45,1,4,27.9,S,Third,woman,FALSE,,Southampton,no,FALSE,,,,,,,,
169,0,3,male,28,0,0,56.4958,S,Third,man,TRUE,,Southampton,no,TRUE,,,,,,,,
171,0,3,male,4,4,1,29.125,Q,Third,child,FALSE,,Queenstown,no,FALSE,,,,,,,,
172,1,3,female,1,1,1,11.1333,S,Third,child,FALSE,,Southampton,yes,FALSE,,,,,,,,
173,0,3,male,21,0,0,7.925,S,Third,man,TRUE,,Southampton,no,TRUE,,,,,,,,
175,0,3,male,18,1,1,7.8542,S,Third,man,TRUE,,Southampton,no,FALSE,,,,,,,,
176,0,3,male,,3,1,25.4667,S,Third,man,TRUE,,Southampton,no,FALSE,,,,,,,,
179,0,3,male,36,0,0,0,S,Third,man,TRUE,,Southampton,no,TRUE,,,,,,,,
180,0,3,female,,8,2,69.55,S,Third,woman,FALSE,,Southampton,no,FALSE,,,,,,,,
182,0,3,male,9,4,2,31.3875,S,Third,child,FALSE,,Southampton,no,FALSE,,,,,,,,
184,1,3,female,4,0,2,22.025,S,Third,child,FALSE,,Southampton,yes,FALSE,,,,,,,,
186,1,3,female,,1,0,15.5,Q,Third,woman,FALSE,,Queenstown,yes,FALSE,,,,,,,,
188,0,3,male,40,1,1,15.5,Q,Third,man,TRUE,,Queenstown,no,FALSE,,,,,,,,
189,0,3,male,36,0,0,7.8958,S,Third,man,TRUE,,Southampton,no,TRUE,,,,,,,,
192,1,3,female,19,1,0,7.8542,S,Third,woman,FALSE,,Southampton,yes,FALSE,,,,,,,,
196,0,3,male,,0,0,7.75,Q,Third,man,TRUE,,Queenstown,no,TRUE,,,,,,,,
197,0,3,male,42,0,1,8.4042,S,Third,man,TRUE,,Southampton,no,FALSE,,,,,,,,
198,1,3,female,,0,0,7.75,Q,Third,woman,FALSE,,Queenstown,yes,TRUE,,,,,,,,
200,0,3,male,28,0,0,9.5,S,Third,man,TRUE,,Southampton,no,TRUE,,,,,,,,
201,0,3,male,,8,2,69.55,S,Third,man,TRUE,,Southampton,no,FALSE,,,,,,,,
202,0,3,male,34,0,0,6.4958,S,Third,man,TRUE,,Southampton,no,TRUE,,,,,,,,
203,0,3,male,45.5,0,0,7.225,C,Third,man,TRUE,,Cherbourg,no,TRUE,,,,,,,,
204,1,3,male,18,0,0,8.05,S,Third,man,TRUE,,Southampton,yes,TRUE,,,,,,,,
205,0,3,female,2,0,1,10.4625,S,Third,child,FALSE,G,Southampton,no,FALSE,,,,,,,,
206,0,3,male,32,1,0,15.85,S,Third,man,TRUE,,Southampton,no,FALSE,,,,,,,,
207,1,3,male,26,0,0,18.7875,C,Third,man,TRUE,,Cherbourg,yes,TRUE,,,,,,,,
208,1,3,female,16,0,0,7.75,Q,Third,woman,FALSE,,Queenstown,yes,TRUE,,,,,,,,
210,0,3,male,24,0,0,7.05,S,Third,man,TRUE,,Southampton,no,TRUE,,,,,,,,
212,0,3,male,22,0,0,7.25,S,Third,man,TRUE,,Southampton,no,TRUE,,,,,,,,
214,0,3,male,,1,0,7.75,Q,Third,man,TRUE,,Queenstown,no,FALSE,,,,,,,,
216,1,3,female,27,0,0,7.925,S,Third,woman,FALSE,,Southampton,yes,TRUE,,,,,,,,
220,1,3,male,16,0,0,8.05,S,Third,man,TRUE,,Southampton,yes,TRUE,,,,,,,,
222,0,3,male,51,0,0,8.05,S,Third,man,TRUE,,Southampton,no,TRUE,,,,,,,,
223,0,3,male,,0,0,7.8958,S,Third,man,TRUE,,Southampton,no,TRUE,,,,,,,,
225,0,3,male,22,0,0,9.35,S,Third,man,TRUE,,Southampton,no,TRUE,,,,,,,,
227,0,3,male,20.5,0,0,7.25,S,Third,man,TRUE,,Southampton,no,TRUE,,,,,,,,
229,0,3,female,,3,1,25.4667,S,Third,woman,FALSE,,Southampton,no,FALSE,,,,,,,,
231,0,3,male,29,0,0,7.775,S,Third,man,TRUE,,Southampton,no,TRUE,,,,,,,,
233,1,3,female,5,4,2,31.3875,S,Third,child,FALSE,,Southampton,yes,FALSE,,,,,,,,
235,0,3,female,,0,0,7.55,S,Third,woman,FALSE,,Southampton,no,TRUE,,,,,,,,
240,0,3,female,,1,0,14.4542,C,Third,woman,FALSE,,Cherbourg,no,FALSE,,,,,,,,
241,1,3,female,,1,0,15.5,Q,Third,woman,FALSE,,Queenstown,yes,FALSE,,,,,,,,
243,0,3,male,22,0,0,7.125,S,Third,man,TRUE,,Southampton,no,TRUE,,,,,,,,
244,0,3,male,30,0,0,7.225,C,Third,man,TRUE,,Cherbourg,no,TRUE,,,,,,,,
246,0,3,female,25,0,0,7.775,S,Third,woman,FALSE,,Southampton,no,TRUE,,,,,,,,
250,0,3,male,,0,0,7.25,S,Third,man,TRUE,,Southampton,no,TRUE,,,,,,,,
251,0,3,female,29,1,1,10.4625,S,Third,woman,FALSE,G,Southampton,no,FALSE,,,,,,,,
253,0,3,male,30,1,0,16.1,S,Third,man,TRUE,,Southampton,no,FALSE,,,,,,,,
254,0,3,female,41,0,2,20.2125,S,Third,woman,FALSE,,Southampton,no,FALSE,,,,,,,,
255,1,3,female,29,0,2,15.2458,C,Third,woman,FALSE,,Cherbourg,yes,FALSE,,,,,,,,
260,0,3,male,,0,0,7.75,Q,Third,man,TRUE,,Queenstown,no,TRUE,,,,,,,,
261,1,3,male,3,4,2,31.3875,S,Third,child,FALSE,,Southampton,yes,FALSE,,,,,,,,
264,0,3,female,,0,0,7.75,Q,Third,woman,FALSE,,Queenstown,no,TRUE,,,,,,,,
266,0,3,male,16,4,1,39.6875,S,Third,man,TRUE,,Southampton,no,FALSE,,,,,,,,
267,1,3,male,25,1,0,7.775,S,Third,man,TRUE,,Southampton,yes,FALSE,,,,,,,,
271,1,3,male,25,0,0,0,S,Third,man,TRUE,,Southampton,yes,TRUE,,,,,,,,
274,1,3,female,,0,0,7.75,Q,Third,woman,FALSE,,Queenstown,yes,TRUE,,,,,,,,
276,0,3,female,45,0,0,7.75,S,Third,woman,FALSE,,Southampton,no,TRUE,,,,,,,,
278,0,3,male,7,4,1,29.125,Q,Third,child,FALSE,,Queenstown,no,FALSE,,,,,,,,
279,1,3,female,35,1,1,20.25,S,Third,woman,FALSE,,Southampton,yes,FALSE,,,,,,,,
280,0,3,male,65,0,0,7.75,Q,Third,man,TRUE,,Queenstown,no,TRUE,,,,,,,,
281,0,3,male,28,0,0,7.8542,S,Third,man,TRUE,,Southampton,no,TRUE,,,,,,,,
282,0,3,male,16,0,0,9.5,S,Third,man,TRUE,,Southampton,no,TRUE,,,,,,,,
283,1,3,male,19,0,0,8.05,S,Third,man,TRUE,,Southampton,yes,TRUE,,,,,,,,
285,0,3,male,33,0,0,8.6625,C,Third,man,TRUE,,Cherbourg,no,TRUE,,,,,,,,
286,1,3,male,30,0,0,9.5,S,Third,man,TRUE,,Southampton,yes,TRUE,,,,,,,,
287,0,3,male,22,0,0,7.8958,S,Third,man,TRUE,,Southampton,no,TRUE,,,,,,,,
289,1,3,female,22,0,0,7.75,Q,Third,woman,FALSE,,Queenstown,yes,TRUE,,,,,,,,
293,0,3,female,24,0,0,8.85,S,Third,woman,FALSE,,Southampton,no,TRUE,,,,,,,,
294,0,3,male,24,0,0,7.8958,S,Third,man,TRUE,,Southampton,no,TRUE,,,,,,,,
296,0,3,male,23.5,0,0,7.2292,C,Third,man,TRUE,,Cherbourg,no,TRUE,,,,,,,,
300,1,3,female,,0,0,7.75,Q,Third,woman,FALSE,,Queenstown,yes,TRUE,,,,,,,,
301,1,3,male,,2,0,23.25,Q,Third,man,TRUE,,Queenstown,yes,FALSE,,,,,,,,
302,0,3,male,19,0,0,0,S,Third,man,TRUE,,Southampton,no,TRUE,,,,,,,,
304,0,3,male,,0,0,8.05,S,Third,man,TRUE,,Southampton,no,TRUE,,,,,,,,
313,0,3,male,28,0,0,7.8958,S,Third,man,TRUE,,Southampton,no,TRUE,,,,,,,,
315,1,3,female,26,0,0,7.8542,S,Third,woman,FALSE,,Southampton,yes,TRUE,,,,,,,,
320,0,3,male,22,0,0,7.25,S,Third,man,TRUE,,Southampton,no,TRUE,,,,,,,,
321,0,3,male,27,0,0,7.8958,S,Third,man,TRUE,,Southampton,no,TRUE,,,,,,,,
324,0,3,male,,8,2,69.55,S,Third,man,TRUE,,Southampton,no,FALSE,,,,,,,,
326,0,3,male,61,0,0,6.2375,S,Third,man,TRUE,,Southampton,no,TRUE,,,,,,,,
328,1,3,female,31,1,1,20.525,S,Third,woman,FALSE,,Southampton,yes,FALSE,,,,,,,,
330,1,3,female,,2,0,23.25,Q,Third,woman,FALSE,,Queenstown,yes,FALSE,,,,,,,,
333,0,3,male,16,2,0,18,S,Third,man,TRUE,,Southampton,no,FALSE,,,,,,,,
335,0,3,male,,0,0,7.8958,S,Third,man,TRUE,,Southampton,no,TRUE,,,,,,,,
338,1,3,male,45,0,0,8.05,S,Third,man,TRUE,,Southampton,yes,TRUE,,,,,,,,
347,1,3,female,,1,0,16.1,S,Third,woman,FALSE,,Southampton,yes,FALSE,,,,,,,,
348,1,3,male,3,1,1,15.9,S,Third,child,FALSE,,Southampton,yes,FALSE,,,,,,,,
349,0,3,male,42,0,0,8.6625,S,Third,man,TRUE,,Southampton,no,TRUE,,,,,,,,
350,0,3,male,23,0,0,9.225,S,Third,man,TRUE,,Southampton,no,TRUE,,,,,,,,
352,0,3,male,15,1,1,7.2292,C,Third,child,FALSE,,Cherbourg,no,FALSE,,,,,,,,
353,0,3,male,25,1,0,17.8,S,Third,man,TRUE,,Southampton,no,FALSE,,,,,,,,
354,0,3,male,,0,0,7.225,C,Third,man,TRUE,,Cherbourg,no,TRUE,,,,,,,,
355,0,3,male,28,0,0,9.5,S,Third,man,TRUE,,Southampton,no,TRUE,,,,,,,,
358,1,3,female,,0,0,7.8792,Q,Third,woman,FALSE,,Queenstown,yes,TRUE,,,,,,,,
359,1,3,female,,0,0,7.8792,Q,Third,woman,FALSE,,Queenstown,yes,TRUE,,,,,,,,
360,0,3,male,40,1,4,27.9,S,Third,man,TRUE,,Southampton,no,FALSE,,,,,,,,
362,0,3,female,45,0,1,14.4542,C,Third,woman,FALSE,,Cherbourg,no,FALSE,,,,,,,,
363,0,3,male,35,0,0,7.05,S,Third,man,TRUE,,Southampton,no,TRUE,,,,,,,,
364,0,3,male,,1,0,15.5,Q,Third,man,TRUE,,Queenstown,no,FALSE,,,,,,,,
365,0,3,male,30,0,0,7.25,S,Third,man,TRUE,,Southampton,no,TRUE,,,,,,,,
367,1,3,female,,0,0,7.2292,C,Third,woman,FALSE,,Cherbourg,yes,TRUE,,,,,,,,
368,1,3,female,,0,0,7.75,Q,Third,woman,FALSE,,Queenstown,yes,TRUE,,,,,,,,
371,0,3,male,18,1,0,6.4958,S,Third,man,TRUE,,Southampton,no,FALSE,,,,,,,,
372,0,3,male,19,0,0,8.05,S,Third,man,TRUE,,Southampton,no,TRUE,,,,,,,,
374,0,3,female,3,3,1,21.075,S,Third,child,FALSE,,Southampton,no,FALSE,,,,,,,,
376,1,3,female,22,0,0,7.25,S,Third,woman,FALSE,,Southampton,yes,TRUE,,,,,,,,
378,0,3,male,20,0,0,4.0125,C,Third,man,TRUE,,Cherbourg,no,TRUE,,,,,,,,
379,0,3,male,19,0,0,7.775,S,Third,man,TRUE,,Southampton,no,TRUE,,,,,,,,
381,1,3,female,1,0,2,15.7417,C,Third,child,FALSE,,Cherbourg,yes,FALSE,,,,,,,,
382,0,3,male,32,0,0,7.925,S,Third,man,TRUE,,Southampton,no,TRUE,,,,,,,,
384,0,3,male,,0,0,7.8958,S,Third,man,TRUE,,Southampton,no,TRUE,,,,,,,,
386,0,3,male,1,5,2,46.9,S,Third,child,FALSE,,Southampton,no,FALSE,,,,,,,,
388,0,3,male,,0,0,7.7292,Q,Third,man,TRUE,,Queenstown,no,TRUE,,,,,,,,
391,1,3,male,21,0,0,7.7958,S,Third,man,TRUE,,Southampton,yes,TRUE,,,,,,,,
392,0,3,male,28,2,0,7.925,S,Third,man,TRUE,,Southampton,no,FALSE,,,,,,,,
394,1,3,female,24,0,2,16.7,S,Third,woman,FALSE,G,Southampton,yes,FALSE,,,,,,,,
395,0,3,male,22,0,0,7.7958,S,Third,man,TRUE,,Southampton,no,TRUE,,,,,,,,
396,0,3,female,31,0,0,7.8542,S,Third,woman,FALSE,,Southampton,no,TRUE,,,,,,,,
400,1,3,male,39,0,0,7.925,S,Third,man,TRUE,,Southampton,yes,TRUE,,,,,,,,
401,0,3,male,26,0,0,8.05,S,Third,man,TRUE,,Southampton,no,TRUE,,,,,,,,
402,0,3,female,21,1,0,9.825,S,Third,woman,FALSE,,Southampton,no,FALSE,,,,,,,,
403,0,3,male,28,1,0,15.85,S,Third,man,TRUE,,Southampton,no,FALSE,,,,,,,,
404,0,3,female,20,0,0,8.6625,S,Third,woman,FALSE,,Southampton,no,TRUE,,,,,,,,
406,0,3,male,51,0,0,7.75,S,Third,man,TRUE,,Southampton,no,TRUE,,,,,,,,
408,0,3,male,21,0,0,7.775,S,Third,man,TRUE,,Southampton,no,TRUE,,,,,,,,
409,0,3,female,,3,1,25.4667,S,Third,woman,FALSE,,Southampton,no,FALSE,,,,,,,,
410,0,3,male,,0,0,7.8958,S,Third,man,TRUE,,Southampton,no,TRUE,,,,,,,,
411,0,3,male,,0,0,6.8583,Q,Third,man,TRUE,,Queenstown,no,TRUE,,,,,,,,
414,1,3,male,44,0,0,7.925,S,Third,man,TRUE,,Southampton,yes,TRUE,,,,,,,,
415,0,3,female,,0,0,8.05,S,Third,woman,FALSE,,Southampton,no,TRUE,,,,,,,,
419,0,3,female,10,0,2,24.15,S,Third,child,FALSE,,Southampton,no,FALSE,,,,,,,,
420,0,3,male,,0,0,7.8958,C,Third,man,TRUE,,Cherbourg,no,TRUE,,,,,,,,
421,0,3,male,21,0,0,7.7333,Q,Third,man,TRUE,,Queenstown,no,TRUE,,,,,,,,
422,0,3,male,29,0,0,7.875,S,Third,man,TRUE,,Southampton,no,TRUE,,,,,,,,
423,0,3,female,28,1,1,14.4,S,Third,woman,FALSE,,Southampton,no,FALSE,,,,,,,,
424,0,3,male,18,1,1,20.2125,S,Third,man,TRUE,,Southampton,no,FALSE,,,,,,,,
425,0,3,male,,0,0,7.25,S,Third,man,TRUE,,Southampton,no,TRUE,,,,,,,,
428,0,3,male,,0,0,7.75,Q,Third,man,TRUE,,Queenstown,no,TRUE,,,,,,,,
429,1,3,male,32,0,0,8.05,S,Third,man,TRUE,E,Southampton,yes,TRUE,,,,,,,,
431,1,3,female,,1,0,16.1,S,Third,woman,FALSE,,Southampton,yes,FALSE,,,,,,,,
433,0,3,male,17,0,0,7.125,S,Third,man,TRUE,,Southampton,no,TRUE,,,,,,,,
436,0,3,female,21,2,2,34.375,S,Third,woman,FALSE,,Southampton,no,FALSE,,,,,,,,
441,0,3,male,20,0,0,9.5,S,Third,man,TRUE,,Southampton,no,TRUE,,,,,,,,
442,0,3,male,25,1,0,7.775,S,Third,man,TRUE,,Southampton,no,FALSE,,,,,,,,
444,1,3,male,,0,0,8.1125,S,Third,man,TRUE,,Southampton,yes,TRUE,,,,,,,,
448,1,3,female,5,2,1,19.2583,C,Third,child,FALSE,,Cherbourg,yes,FALSE,,,,,,,,
451,0,3,male,,1,0,19.9667,S,Third,man,TRUE,,Southampton,no,FALSE,,,,,,,,
454,0,3,male,,0,0,8.05,S,Third,man,TRUE,,Southampton,no,TRUE,,,,,,,,
455,1,3,male,29,0,0,7.8958,C,Third,man,TRUE,,Cherbourg,yes,TRUE,,,,,,,,
459,0,3,male,,0,0,7.75,Q,Third,man,TRUE,,Queenstown,no,TRUE,,,,,,,,
461,0,3,male,34,0,0,8.05,S,Third,man,TRUE,,Southampton,no,TRUE,,,,,,,,
464,0,3,male,,0,0,8.05,S,Third,man,TRUE,,Southampton,no,TRUE,,,,,,,,
465,0,3,male,38,0,0,7.05,S,Third,man,TRUE,,Southampton,no,TRUE,,,,,,,,
468,0,3,male,,0,0,7.725,Q,Third,man,TRUE,,Queenstown,no,TRUE,,,,,,,,
469,1,3,female,0.75,2,1,19.2583,C,Third,child,FALSE,,Cherbourg,yes,FALSE,,,,,,,,
470,0,3,male,,0,0,7.25,S,Third,man,TRUE,,Southampton,no,TRUE,,,,,,,,
471,0,3,male,38,0,0,8.6625,S,Third,man,TRUE,,Southampton,no,TRUE,,,,,,,,
474,0,3,female,22,0,0,9.8375,S,Third,woman,FALSE,,Southampton,no,TRUE,,,,,,,,
477,0,3,male,29,1,0,7.0458,S,Third,man,TRUE,,Southampton,no,FALSE,,,,,,,,
478,0,3,male,22,0,0,7.5208,S,Third,man,TRUE,,Southampton,no,TRUE,,,,,,,,
479,1,3,female,2,0,1,12.2875,S,Third,child,FALSE,,Southampton,yes,FALSE,,,,,,,,
480,0,3,male,9,5,2,46.9,S,Third,child,FALSE,,Southampton,no,FALSE,,,,,,,,
482,0,3,male,50,0,0,8.05,S,Third,man,TRUE,,Southampton,no,TRUE,,,,,,,,
483,1,3,female,63,0,0,9.5875,S,Third,woman,FALSE,,Southampton,yes,TRUE,,,,,,,,
485,0,3,female,,3,1,25.4667,S,Third,woman,FALSE,,Southampton,no,FALSE,,,,,,,,
488,0,3,male,30,0,0,8.05,S,Third,man,TRUE,,Southampton,no,TRUE,,,,,,,,
489,1,3,male,9,1,1,15.9,S,Third,child,FALSE,,Southampton,yes,FALSE,,,,,,,,
490,0,3,male,,1,0,19.9667,S,Third,man,TRUE,,Southampton,no,FALSE,,,,,,,,
491,0,3,male,21,0,0,7.25,S,Third,man,TRUE,,Southampton,no,TRUE,,,,,,,,
494,0,3,male,21,0,0,8.05,S,Third,man,TRUE,,Southampton,no,TRUE,,,,,,,,
495,0,3,male,,0,0,14.4583,C,Third,man,TRUE,,Cherbourg,no,TRUE,,,,,,,,
497,0,3,male,,0,0,15.1,S,Third,man,TRUE,,Southampton,no,TRUE,,,,,,,,
499,0,3,male,24,0,0,7.7958,S,Third,man,TRUE,,Southampton,no,TRUE,,,,,,,,
500,0,3,male,17,0,0,8.6625,S,Third,man,TRUE,,Southampton,no,TRUE,,,,,,,,
501,0,3,female,21,0,0,7.75,Q,Third,woman,FALSE,,Queenstown,no,TRUE,,,,,,,,
502,0,3,female,,0,0,7.6292,Q,Third,woman,FALSE,,Queenstown,no,TRUE,,,,,,,,
503,0,3,female,37,0,0,9.5875,S,Third,woman,FALSE,,Southampton,no,TRUE,,,,,,,,
508,0,3,male,28,0,0,22.525,S,Third,man,TRUE,,Southampton,no,TRUE,,,,,,,,
509,1,3,male,26,0,0,56.4958,S,Third,man,TRUE,,Southampton,yes,TRUE,,,,,,,,
510,1,3,male,29,0,0,7.75,Q,Third,man,TRUE,,Queenstown,yes,TRUE,,,,,,,,
511,0,3,male,,0,0,8.05,S,Third,man,TRUE,,Southampton,no,TRUE,,,,,,,,
514,0,3,male,24,0,0,7.4958,S,Third,man,TRUE,,Southampton,no,TRUE,,,,,,,,
517,0,3,male,,0,0,24.15,Q,Third,man,TRUE,,Queenstown,no,TRUE,,,,,,,,
519,0,3,male,32,0,0,7.8958,S,Third,man,TRUE,,Southampton,no,TRUE,,,,,,,,
521,0,3,male,22,0,0,7.8958,S,Third,man,TRUE,,Southampton,no,TRUE,,,,,,,,
522,0,3,male,,0,0,7.225,C,Third,man,TRUE,,Cherbourg,no,TRUE,,,,,,,,
524,0,3,male,,0,0,7.2292,C,Third,man,TRUE,,Cherbourg,no,TRUE,,,,,,,,
525,0,3,male,40.5,0,0,7.75,Q,Third,man,TRUE,,Queenstown,no,TRUE,,,,,,,,
528,0,3,male,39,0,0,7.925,S,Third,man,TRUE,,Southampton,no,TRUE,,,,,,,,
531,0,3,male,,0,0,7.2292,C,Third,man,TRUE,,Cherbourg,no,TRUE,,,,,,,,
532,0,3,male,17,1,1,7.2292,C,Third,man,TRUE,,Cherbourg,no,FALSE,,,,,,,,
533,1,3,female,,0,2,22.3583,C,Third,woman,FALSE,,Cherbourg,yes,FALSE,,,,,,,,
534,0,3,female,30,0,0,8.6625,S,Third,woman,FALSE,,Southampton,no,TRUE,,,,,,,,
538,0,3,male,,0,0,14.5,S,Third,man,TRUE,,Southampton,no,TRUE,,,,,,,,
541,0,3,female,9,4,2,31.275,S,Third,child,FALSE,,Southampton,no,FALSE,,,,,,,,
542,0,3,female,11,4,2,31.275,S,Third,child,FALSE,,Southampton,no,FALSE,,,,,,,,
548,0,3,male,33,1,1,20.525,S,Third,man,TRUE,,Southampton,no,FALSE,,,,,,,,
552,0,3,male,,0,0,7.8292,Q,Third,man,TRUE,,Queenstown,no,TRUE,,,,,,,,
553,1,3,male,22,0,0,7.225,C,Third,man,TRUE,,Cherbourg,yes,TRUE,,,,,,,,
554,1,3,female,22,0,0,7.775,S,Third,woman,FALSE,,Southampton,yes,TRUE,,,,,,,,
559,1,3,female,36,1,0,17.4,S,Third,woman,FALSE,,Southampton,yes,FALSE,,,,,,,,
560,0,3,male,,0,0,7.75,Q,Third,man,TRUE,,Queenstown,no,TRUE,,,,,,,,
561,0,3,male,40,0,0,7.8958,S,Third,man,TRUE,,Southampton,no,TRUE,,,,,,,,
563,0,3,male,,0,0,8.05,S,Third,man,TRUE,,Southampton,no,TRUE,,,,,,,,
564,0,3,female,,0,0,8.05,S,Third,woman,FALSE,,Southampton,no,TRUE,,,,,,,,
565,0,3,male,24,2,0,24.15,S,Third,man,TRUE,,Southampton,no,FALSE,,,,,,,,
566,0,3,male,19,0,0,7.8958,S,Third,man,TRUE,,Southampton,no,TRUE,,,,,,,,
567,0,3,female,29,0,4,21.075,S,Third,woman,FALSE,,Southampton,no,FALSE,,,,,,,,
568,0,3,male,,0,0,7.2292,C,Third,man,TRUE,,Cherbourg,no,TRUE,,,,,,,,
569,1,3,male,32,0,0,7.8542,S,Third,man,TRUE,,Southampton,yes,TRUE,,,,,,,,
573,1,3,female,,0,0,7.75,Q,Third,woman,FALSE,,Queenstown,yes,TRUE,,,,,,,,
574,0,3,male,16,0,0,8.05,S,Third,man,TRUE,,Southampton,no,TRUE,,,,,,,,
575,0,3,male,19,0,0,14.5,S,Third,man,TRUE,,Southampton,no,TRUE,,,,,,,,
578,0,3,female,,1,0,14.4583,C,Third,woman,FALSE,,Cherbourg,no,FALSE,,,,,,,,
579,1,3,male,32,0,0,7.925,S,Third,man,TRUE,,Southampton,yes,TRUE,,,,,,,,
584,0,3,male,,0,0,8.7125,C,Third,man,TRUE,,Cherbourg,no,TRUE,,,,,,,,
588,0,3,male,22,0,0,8.05,S,Third,man,TRUE,,Southampton,no,TRUE,,,,,,,,
589,0,3,male,,0,0,8.05,S,Third,man,TRUE,,Southampton,no,TRUE,,,,,,,,
590,0,3,male,35,0,0,7.125,S,Third,man,TRUE,,Southampton,no,TRUE,,,,,,,,
592,0,3,male,47,0,0,7.25,S,Third,man,TRUE,,Southampton,no,TRUE,,,,,,,,
593,0,3,female,,0,2,7.75,Q,Third,woman,FALSE,,Queenstown,no,FALSE,,,,,,,,
595,0,3,male,36,1,1,24.15,S,Third,man,TRUE,,Southampton,no,FALSE,,,,,,,,
597,0,3,male,49,0,0,0,S,Third,man,TRUE,,Southampton,no,TRUE,,,,,,,,
598,0,3,male,,0,0,7.225,C,Third,man,TRUE,,Cherbourg,no,TRUE,,,,,,,,
601,0,3,male,,0,0,7.8958,S,Third,man,TRUE,,Southampton,no,TRUE,,,,,,,,
603,0,3,male,44,0,0,8.05,S,Third,man,TRUE,,Southampton,no,TRUE,,,,,,,,
605,0,3,male,36,1,0,15.55,S,Third,man,TRUE,,Southampton,no,FALSE,,,,,,,,
606,0,3,male,30,0,0,7.8958,S,Third,man,TRUE,,Southampton,no,TRUE,,,,,,,,
610,0,3,female,39,1,5,31.275,S,Third,woman,FALSE,,Southampton,no,FALSE,,,,,,,,
611,0,3,male,,0,0,7.05,S,Third,man,TRUE,,Southampton,no,TRUE,,,,,,,,
612,1,3,female,,1,0,15.5,Q,Third,woman,FALSE,,Queenstown,yes,FALSE,,,,,,,,
613,0,3,male,,0,0,7.75,Q,Third,man,TRUE,,Queenstown,no,TRUE,,,,,,,,
614,0,3,male,35,0,0,8.05,S,Third,man,TRUE,,Southampton,no,TRUE,,,,,,,,
616,0,3,male,34,1,1,14.4,S,Third,man,TRUE,,Southampton,no,FALSE,,,,,,,,
617,0,3,female,26,1,0,16.1,S,Third,woman,FALSE,,Southampton,no,FALSE,,,,,,,,
620,0,3,male,27,1,0,14.4542,C,Third,man,TRUE,,Cherbourg,no,FALSE,,,,,,,,
622,1,3,male,20,1,1,15.7417,C,Third,man,TRUE,,Cherbourg,yes,FALSE,,,,,,,,
623,0,3,male,21,0,0,7.8542,S,Third,man,TRUE,,Southampton,no,TRUE,,,,,,,,
624,0,3,male,21,0,0,16.1,S,Third,man,TRUE,,Southampton,no,TRUE,,,,,,,,
628,0,3,male,26,0,0,7.8958,S,Third,man,TRUE,,Southampton,no,TRUE,,,,,,,,
629,0,3,male,,0,0,7.7333,Q,Third,man,TRUE,,Queenstown,no,TRUE,,,,,,,,
631,0,3,male,51,0,0,7.0542,S,Third,man,TRUE,,Southampton,no,TRUE,,,,,,,,
634,0,3,female,9,3,2,27.9,S,Third,child,FALSE,,Southampton,no,FALSE,,,,,,,,
636,0,3,male,32,0,0,7.925,S,Third,man,TRUE,,Southampton,no,TRUE,,,,,,,,
638,0,3,female,41,0,5,39.6875,S,Third,woman,FALSE,,Southampton,no,FALSE,,,,,,,,
639,0,3,male,,1,0,16.1,S,Third,man,TRUE,,Southampton,no,FALSE,,,,,,,,
640,0,3,male,20,0,0,7.8542,S,Third,man,TRUE,,Southampton,no,TRUE,,,,,,,,
642,0,3,female,2,3,2,27.9,S,Third,child,FALSE,,Southampton,no,FALSE,,,,,,,,
643,1,3,male,,0,0,56.4958,S,Third,man,TRUE,,Southampton,yes,TRUE,,,,,,,,
644,1,3,female,0.75,2,1,19.2583,C,Third,child,FALSE,,Cherbourg,yes,FALSE,,,,,,,,
646,0,3,male,19,0,0,7.8958,S,Third,man,TRUE,,Southampton,no,TRUE,,,,,,,,
648,0,3,male,,0,0,7.55,S,Third,man,TRUE,,Southampton,no,TRUE,,,,,,,,
649,1,3,female,23,0,0,7.55,S,Third,woman,FALSE,,Southampton,yes,TRUE,,,,,,,,
650,0,3,male,,0,0,7.8958,S,Third,man,TRUE,,Southampton,no,TRUE,,,,,,,,
652,0,3,male,21,0,0,8.4333,S,Third,man,TRUE,,Southampton,no,TRUE,,,,,,,,
653,1,3,female,,0,0,7.8292,Q,Third,woman,FALSE,,Queenstown,yes,TRUE,,,,,,,,
654,0,3,female,18,0,0,6.75,Q,Third,woman,FALSE,,Queenstown,no,TRUE,,,,,,,,
656,0,3,male,,0,0,7.8958,S,Third,man,TRUE,,Southampton,no,TRUE,,,,,,,,
657,0,3,female,32,1,1,15.5,Q,Third,woman,FALSE,,Queenstown,no,FALSE,,,,,,,,
661,0,3,male,40,0,0,7.225,C,Third,man,TRUE,,Cherbourg,no,TRUE,,,,,,,,
663,0,3,male,36,0,0,7.4958,S,Third,man,TRUE,,Southampton,no,TRUE,,,,,,,,
664,1,3,male,20,1,0,7.925,S,Third,man,TRUE,,Southampton,yes,FALSE,,,,,,,,
667,0,3,male,,0,0,7.775,S,Third,man,TRUE,,Southampton,no,TRUE,,,,,,,,
668,0,3,male,43,0,0,8.05,S,Third,man,TRUE,,Southampton,no,TRUE,,,,,,,,
675,0,3,male,18,0,0,7.775,S,Third,man,TRUE,,Southampton,no,TRUE,,,,,,,,
676,0,3,male,24.5,0,0,8.05,S,Third,man,TRUE,,Southampton,no,TRUE,,,,,,,,
677,1,3,female,18,0,0,9.8417,S,Third,woman,FALSE,,Southampton,yes,TRUE,,,,,,,,
678,0,3,female,43,1,6,46.9,S,Third,woman,FALSE,,Southampton,no,FALSE,,,,,,,,
680,0,3,female,,0,0,8.1375,Q,Third,woman,FALSE,,Queenstown,no,TRUE,,,,,,,,
682,0,3,male,20,0,0,9.225,S,Third,man,TRUE,,Southampton,no,TRUE,,,,,,,,
683,0,3,male,14,5,2,46.9,S,Third,child,FALSE,,Southampton,no,FALSE,,,,,,,,
686,0,3,male,14,4,1,39.6875,S,Third,child,FALSE,,Southampton,no,FALSE,,,,,,,,
687,0,3,male,19,0,0,10.1708,S,Third,man,TRUE,,Southampton,no,TRUE,,,,,,,,
688,0,3,male,18,0,0,7.7958,S,Third,man,TRUE,,Southampton,no,TRUE,,,,,,,,
691,1,3,female,4,0,1,13.4167,C,Third,child,FALSE,,Cherbourg,yes,FALSE,,,,,,,,
692,1,3,male,,0,0,56.4958,S,Third,man,TRUE,,Southampton,yes,TRUE,,,,,,,,
693,0,3,male,25,0,0,7.225,C,Third,man,TRUE,,Cherbourg,no,TRUE,,,,,,,,
696,0,3,male,44,0,0,8.05,S,Third,man,TRUE,,Southampton,no,TRUE,,,,,,,,
697,1,3,female,,0,0,7.7333,Q,Third,woman,FALSE,,Queenstown,yes,TRUE,,,,,,,,
699,0,3,male,42,0,0,7.65,S,Third,man,TRUE,F,Southampton,no,TRUE,,,,,,,,
702,0,3,female,18,0,1,14.4542,C,Third,woman,FALSE,,Cherbourg,no,FALSE,,,,,,,,
703,0,3,male,25,0,0,7.7417,Q,Third,man,TRUE,,Queenstown,no,TRUE,,,,,,,,
704,0,3,male,26,1,0,7.8542,S,Third,man,TRUE,,Southampton,no,FALSE,,,,,,,,
709,1,3,male,,1,1,15.2458,C,Third,man,TRUE,,Cherbourg,yes,FALSE,,,,,,,,
713,0,3,male,29,0,0,9.4833,S,Third,man,TRUE,,Southampton,no,TRUE,,,,,,,,
715,0,3,male,19,0,0,7.65,S,Third,man,TRUE,F,Southampton,no,TRUE,,,,,,,,
718,0,3,male,,0,0,15.5,Q,Third,man,TRUE,,Queenstown,no,TRUE,,,,,,,,
719,0,3,male,33,0,0,7.775,S,Third,man,TRUE,,Southampton,no,TRUE,,,,,,,,
721,0,3,male,17,1,0,7.0542,S,Third,man,TRUE,,Southampton,no,FALSE,,,,,,,,
725,0,3,male,20,0,0,8.6625,S,Third,man,TRUE,,Southampton,no,TRUE,,,,,,,,
727,1,3,female,,0,0,7.7375,Q,Third,woman,FALSE,,Queenstown,yes,TRUE,,,,,,,,
729,0,3,female,25,1,0,7.925,S,Third,woman,FALSE,,Southampton,no,FALSE,,,,,,,,
731,0,3,male,11,0,0,18.7875,C,Third,child,FALSE,,Cherbourg,no,TRUE,,,,,,,,
735,0,3,male,28.5,0,0,16.1,S,Third,man,TRUE,,Southampton,no,TRUE,,,,,,,,
736,0,3,female,48,1,3,34.375,S,Third,woman,FALSE,,Southampton,no,FALSE,,,,,,,,
738,0,3,male,,0,0,7.8958,S,Third,man,TRUE,,Southampton,no,TRUE,,,,,,,,
739,0,3,male,,0,0,7.8958,S,Third,man,TRUE,,Southampton,no,TRUE,,,,,,,,
743,0,3,male,24,1,0,16.1,S,Third,man,TRUE,,Southampton,no,FALSE,,,,,,,,
744,1,3,male,31,0,0,7.925,S,Third,man,TRUE,,Southampton,yes,TRUE,,,,,,,,
746,0,3,male,16,1,1,20.25,S,Third,man,TRUE,,Southampton,no,FALSE,,,,,,,,
749,0,3,male,31,0,0,7.75,Q,Third,man,TRUE,,Queenstown,no,TRUE,,,,,,,,
751,1,3,male,6,0,1,12.475,S,Third,child,FALSE,E,Southampton,yes,FALSE,,,,,,,,
752,0,3,male,33,0,0,9.5,S,Third,man,TRUE,,Southampton,no,TRUE,,,,,,,,
753,0,3,male,23,0,0,7.8958,S,Third,man,TRUE,,Southampton,no,TRUE,,,,,,,,
756,0,3,male,28,0,0,7.7958,S,Third,man,TRUE,,Southampton,no,TRUE,,,,,,,,
758,0,3,male,34,0,0,8.05,S,Third,man,TRUE,,Southampton,no,TRUE,,,,,,,,
760,0,3,male,,0,0,14.5,S,Third,man,TRUE,,Southampton,no,TRUE,,,,,,,,
761,0,3,male,41,0,0,7.125,S,Third,man,TRUE,,Southampton,no,TRUE,,,,,,,,
762,1,3,male,20,0,0,7.2292,C,Third,man,TRUE,,Cherbourg,yes,TRUE,,,,,,,,
764,0,3,male,16,0,0,7.775,S,Third,man,TRUE,,Southampton,no,TRUE,,,,,,,,
767,0,3,female,30.5,0,0,7.75,Q,Third,woman,FALSE,,Queenstown,no,TRUE,,,,,,,,
768,0,3,male,,1,0,24.15,Q,Third,man,TRUE,,Queenstown,no,FALSE,,,,,,,,
769,0,3,male,32,0,0,8.3625,S,Third,man,TRUE,,Southampton,no,TRUE,,,,,,,,
770,0,3,male,24,0,0,9.5,S,Third,man,TRUE,,Southampton,no,TRUE,,,,,,,,
771,0,3,male,48,0,0,7.8542,S,Third,man,TRUE,,Southampton,no,TRUE,,,,,,,,
773,0,3,male,,0,0,7.225,C,Third,man,TRUE,,Cherbourg,no,TRUE,,,,,,,,
775,0,3,male,18,0,0,7.75,S,Third,man,TRUE,,Southampton,no,TRUE,,,,,,,,
776,0,3,male,,0,0,7.75,Q,Third,man,TRUE,F,Queenstown,no,TRUE,,,,,,,,
777,1,3,female,5,0,0,12.475,S,Third,child,FALSE,,Southampton,yes,TRUE,,,,,,,,
778,0,3,male,,0,0,7.7375,Q,Third,man,TRUE,,Queenstown,no,TRUE,,,,,,,,
780,1,3,female,13,0,0,7.2292,C,Third,child,FALSE,,Cherbourg,yes,TRUE,,,,,,,,
783,0,3,male,,1,2,23.45,S,Third,man,TRUE,,Southampton,no,FALSE,,,,,,,,
784,0,3,male,25,0,0,7.05,S,Third,man,TRUE,,Southampton,no,TRUE,,,,,,,,
785,0,3,male,25,0,0,7.25,S,Third,man,TRUE,,Southampton,no,TRUE,,,,,,,,
786,1,3,female,18,0,0,7.4958,S,Third,woman,FALSE,,Southampton,yes,TRUE,,,,,,,,
787,0,3,male,8,4,1,29.125,Q,Third,child,FALSE,,Queenstown,no,FALSE,,,,,,,,
788,1,3,male,1,1,2,20.575,S,Third,child,FALSE,,Southampton,yes,FALSE,,,,,,,,
790,0,3,male,,0,0,7.75,Q,Third,man,TRUE,,Queenstown,no,TRUE,,,,,,,,
792,0,3,female,,8,2,69.55,S,Third,woman,FALSE,,Southampton,no,FALSE,,,,,,,,
794,0,3,male,25,0,0,7.8958,S,Third,man,TRUE,,Southampton,no,TRUE,,,,,,,,
797,1,3,female,31,0,0,8.6833,S,Third,woman,FALSE,,Southampton,yes,TRUE,,,,,,,,
798,0,3,male,30,0,0,7.2292,C,Third,man,TRUE,,Cherbourg,no,TRUE,,,,,,,,
799,0,3,female,30,1,1,24.15,S,Third,woman,FALSE,,Southampton,no,FALSE,,,,,,,,
803,1,3,male,0.42,0,1,8.5167,C,Third,child,FALSE,,Cherbourg,yes,FALSE,,,,,,,,
804,1,3,male,27,0,0,6.975,S,Third,man,TRUE,,Southampton,yes,TRUE,,,,,,,,
805,0,3,male,31,0,0,7.775,S,Third,man,TRUE,,Southampton,no,TRUE,,,,,,,,
807,0,3,female,18,0,0,7.775,S,Third,woman,FALSE,,Southampton,no,TRUE,,,,,,,,
810,0,3,male,26,0,0,7.8875,S,Third,man,TRUE,,Southampton,no,TRUE,,,,,,,,
811,0,3,male,39,0,0,24.15,S,Third,man,TRUE,,Southampton,no,TRUE,,,,,,,,
813,0,3,female,6,4,2,31.275,S,Third,child,FALSE,,Southampton,no,FALSE,,,,,,,,
814,0,3,male,30.5,0,0,8.05,S,Third,man,TRUE,,Southampton,no,TRUE,,,,,,,,
816,0,3,female,23,0,0,7.925,S,Third,woman,FALSE,,Southampton,no,TRUE,,,,,,,,
818,0,3,male,43,0,0,6.45,S,Third,man,TRUE,,Southampton,no,TRUE,,,,,,,,
819,0,3,male,10,3,2,27.9,S,Third,child,FALSE,,Southampton,no,FALSE,,,,,,,,
821,1,3,male,27,0,0,8.6625,S,Third,man,TRUE,,Southampton,yes,TRUE,,,,,,,,
823,1,3,female,27,0,1,12.475,S,Third,woman,FALSE,E,Southampton,yes,FALSE,,,,,,,,
824,0,3,male,2,4,1,39.6875,S,Third,child,FALSE,,Southampton,no,FALSE,,,,,,,,
825,0,3,male,,0,0,6.95,Q,Third,man,TRUE,,Queenstown,no,TRUE,,,,,,,,
826,0,3,male,,0,0,56.4958,S,Third,man,TRUE,,Southampton,no,TRUE,,,,,,,,
828,1,3,male,,0,0,7.75,Q,Third,man,TRUE,,Queenstown,yes,TRUE,,,,,,,,
830,1,3,female,15,1,0,14.4542,C,Third,child,FALSE,,Cherbourg,yes,FALSE,,,,,,,,
832,0,3,male,,0,0,7.2292,C,Third,man,TRUE,,Cherbourg,no,TRUE,,,,,,,,
833,0,3,male,23,0,0,7.8542,S,Third,man,TRUE,,Southampton,no,TRUE,,,,,,,,
834,0,3,male,18,0,0,8.3,S,Third,man,TRUE,,Southampton,no,TRUE,,,,,,,,
836,0,3,male,21,0,0,8.6625,S,Third,man,TRUE,,Southampton,no,TRUE,,,,,,,,
837,0,3,male,,0,0,8.05,S,Third,man,TRUE,,Southampton,no,TRUE,,,,,,,,
838,1,3,male,32,0,0,56.4958,S,Third,man,TRUE,,Southampton,yes,TRUE,,,,,,,,
840,0,3,male,20,0,0,7.925,S,Third,man,TRUE,,Southampton,no,TRUE,,,,,,,,
843,0,3,male,34.5,0,0,6.4375,C,Third,man,TRUE,,Cherbourg,no,TRUE,,,,,,,,
844,0,3,male,17,0,0,8.6625,S,Third,man,TRUE,,Southampton,no,TRUE,,,,,,,,
845,0,3,male,42,0,0,7.55,S,Third,man,TRUE,,Southampton,no,TRUE,,,,,,,,
846,0,3,male,,8,2,69.55,S,Third,man,TRUE,,Southampton,no,FALSE,,,,,,,,
847,0,3,male,35,0,0,7.8958,C,Third,man,TRUE,,Cherbourg,no,TRUE,,,,,,,,
850,0,3,male,4,4,2,31.275,S,Third,child,FALSE,,Southampton,no,FALSE,,,,,,,,
851,0,3,male,74,0,0,7.775,S,Third,man,TRUE,,Southampton,no,TRUE,,,,,,,,
852,0,3,female,9,1,1,15.2458,C,Third,child,FALSE,,Cherbourg,no,FALSE,,,,,,,,
855,1,3,female,18,0,1,9.35,S,Third,woman,FALSE,,Southampton,yes,FALSE,,,,,,,,
858,1,3,female,24,0,3,19.2583,C,Third,woman,FALSE,,Cherbourg,yes,FALSE,,,,,,,,
859,0,3,male,,0,0,7.2292,C,Third,man,TRUE,,Cherbourg,no,TRUE,,,,,,,,
860,0,3,male,41,2,0,14.1083,S,Third,man,TRUE,,Southampton,no,FALSE,,,,,,,,
863,0,3,female,,8,2,69.55,S,Third,woman,FALSE,,Southampton,no,FALSE,,,,,,,,
868,0,3,male,,0,0,9.5,S,Third,man,TRUE,,Southampton,no,TRUE,,,,,,,,
869,1,3,male,4,1,1,11.1333,S,Third,child,FALSE,,Southampton,yes,FALSE,,,,,,,,
870,0,3,male,26,0,0,7.8958,S,Third,man,TRUE,,Southampton,no,TRUE,,,,,,,,
873,0,3,male,47,0,0,9,S,Third,man,TRUE,,Southampton,no,TRUE,,,,,,,,
875,1,3,female,15,0,0,7.225,C,Third,child,FALSE,,Cherbourg,yes,TRUE,,,,,,,,
876,0,3,male,20,0,0,9.8458,S,Third,man,TRUE,,Southampton,no,TRUE,,,,,,,,
877,0,3,male,19,0,0,7.8958,S,Third,man,TRUE,,Southampton,no,TRUE,,,,,,,,
878,0,3,male,,0,0,7.8958,S,Third,man,TRUE,,Southampton,no,TRUE,,,,,,,,
881,0,3,male,33,0,0,7.8958,S,Third,man,TRUE,,Southampton,no,TRUE,,,,,,,,
882,0,3,female,22,0,0,10.5167,S,Third,woman,FALSE,,Southampton,no,TRUE,,,,,,,,
884,0,3,male,25,0,0,7.05,S,Third,man,TRUE,,Southampton,no,TRUE,,,,,,,,
885,0,3,female,39,0,5,29.125,Q,Third,woman,FALSE,,Queenstown,no,FALSE,,,,,,,,
888,0,3,female,,1,2,23.45,S,Third,woman,FALSE,,Southampton,no,FALSE,,,,,,,,
890,0,3,male,32,0,0,7.75,Q,Third,man,TRUE,,Queenstown,no,TRUE,,,,,,,,
